"release_group_id","release_location_name","relloc_area","run","year","month","mid_release_date","Nrel","avg_length","Maxflowsac","cwt_recaptures","ReachKM_cwt","Rmult_cwt","Sz_cwt","CovX_cwt"
2259,"SAC R BEL RBDD","RBDD","fall",1994,3,"1994-03-10",48948,45,6790,0,240.3631,2.403631,-4.10385427945435,-0.830917025659302
2260,"SAC R BEL RBDD","RBDD","fall",1994,3,"1994-03-10",45073,45,6790,0,240.3631,2.403631,-4.10385427945435,-0.830917025659302
432,"COLEMAN NFH","Battle","fall",1994,4,"1994-04-14",53575,64,9030,0,300.443064082,3.00443064082,-1.15773392900699,-0.709141158770097
560,"COLEMAN NFH","Battle","fall",1994,4,"1994-04-14",50010,71,9030,0,300.443064082,3.00443064082,-0.0723211683158614,-0.709141158770097
790,"COLEMAN NFH","Battle","fall",1994,4,"1994-04-14",48704,76,9030,0,300.443064082,3.00443064082,0.702973660749233,-0.709141158770097
474,"COLEMAN NFH","Battle","fall",1996,3,"1996-03-14",257870,65,48900,0,300.443064082,3.00443064082,-1.00267496319397,1.45836054340518
477,"COLEMAN NFH","Battle","fall",1996,3,"1996-03-29",296722,69,48900,0,300.443064082,3.00443064082,-0.382439099941899,1.45836054340518
667,"COLEMAN NFH","Battle","fall",1996,4,"1996-04-23",261698,79,13400,0,300.443064082,3.00443064082,1.16815055818829,-0.471569489883566
411,"COLEMAN NFH","Battle","fall",1997,4,"1997-04-16",65391,56,10200,0,300.443064082,3.00443064082,-2.39820565551114,-0.645535014011003
456,"COLEMAN NFH","Battle","fall",1997,4,"1997-04-16",67281,61,10200,0,300.443064082,3.00443064082,-1.62291082644605,-0.645535014011003
506,"COLEMAN NFH","Battle","fall",1997,4,"1997-04-09",31141,67,10200,0,300.443064082,3.00443064082,-0.692557031567937,-0.645535014011003
552,"COLEMAN NFH","Battle","fall",1997,4,"1997-04-16",31859,67,10200,0,300.443064082,3.00443064082,-0.692557031567937,-0.645535014011003
556,"COLEMAN NFH","Battle","fall",1997,4,"1997-04-01",30207,71,10200,0,300.443064082,3.00443064082,-0.0723211683158614,-0.645535014011003
558,"COLEMAN NFH","Battle","fall",1997,4,"1997-04-09",31945,69,10200,0,300.443064082,3.00443064082,-0.382439099941899,-0.645535014011003
563,"COLEMAN NFH","Battle","fall",1997,4,"1997-04-16",33643,68,10200,0,300.443064082,3.00443064082,-0.537498065754918,-0.645535014011003
603,"COLEMAN NFH","Battle","fall",1997,4,"1997-04-01",33539,69,10200,0,300.443064082,3.00443064082,-0.382439099941899,-0.645535014011003
604,"COLEMAN NFH","Battle","fall",1997,4,"1997-04-15",34494,68,10200,0,300.443064082,3.00443064082,-0.537498065754918,-0.645535014011003
645,"COLEMAN NFH","Battle","fall",1997,4,"1997-04-01",26937,71,10200,0,300.443064082,3.00443064082,-0.0723211683158614,-0.645535014011003
646,"COLEMAN NFH","Battle","fall",1997,4,"1997-04-01",28317,72,10200,0,300.443064082,3.00443064082,0.0827377974971575,-0.645535014011003
648,"COLEMAN NFH","Battle","fall",1997,4,"1997-04-01",22231,70,10200,0,300.443064082,3.00443064082,-0.22738013412888,-0.645535014011003
655,"COLEMAN NFH","Battle","fall",1997,4,"1997-04-01",30188,69,10200,0,300.443064082,3.00443064082,-0.382439099941899,-0.645535014011003
695,"COLEMAN NFH","Battle","fall",1997,4,"1997-04-09",30235,72,10200,0,300.443064082,3.00443064082,0.0827377974971575,-0.645535014011003
701,"COLEMAN NFH","Battle","fall",1997,4,"1997-04-15",34409,72,10200,0,300.443064082,3.00443064082,0.0827377974971575,-0.645535014011003
780,"COLEMAN NFH","Battle","fall",1997,4,"1997-04-01",28176,73,10200,0,300.443064082,3.00443064082,0.237796763310176,-0.645535014011003
789,"COLEMAN NFH","Battle","fall",1997,4,"1997-04-01",30642,73,10200,0,300.443064082,3.00443064082,0.237796763310176,-0.645535014011003
803,"COLEMAN NFH","Battle","fall",1997,4,"1997-04-15",32767,73,10200,0,300.443064082,3.00443064082,0.237796763310176,-0.645535014011003
806,"COLEMAN NFH","Battle","fall",1997,4,"1997-04-01",26612,72,10200,0,300.443064082,3.00443064082,0.0827377974971575,-0.645535014011003
824,"COLEMAN NFH","Battle","fall",1997,4,"1997-04-15",33827,74,10200,0,300.443064082,3.00443064082,0.392855729123195,-0.645535014011003
825,"COLEMAN NFH","Battle","fall",1997,4,"1997-04-15",33436,73,10200,0,300.443064082,3.00443064082,0.237796763310176,-0.645535014011003
867,"COLEMAN NFH","Battle","fall",1997,4,"1997-04-15",27251,75,10200,0,300.443064082,3.00443064082,0.547914694936214,-0.645535014011003
868,"COLEMAN NFH","Battle","fall",1997,4,"1997-04-15",28272,73,10200,0,300.443064082,3.00443064082,0.237796763310176,-0.645535014011003
624,"COLEMAN NFH","Battle","fall",1997,5,"1997-05-06",32583,71,11300,0,300.443064082,3.00443064082,-0.0723211683158614,-0.585734365092197
776,"COLEMAN NFH","Battle","fall",1997,5,"1997-05-06",67010,73,11300,0,300.443064082,3.00443064082,0.237796763310176,-0.585734365092197
400,"COLEMAN NFH","Battle","fall",1998,3,"1998-03-04",34500,53,65100,0,300.443064082,3.00443064082,-2.8633825529502,2.33906100930033
403,"COLEMAN NFH","Battle","fall",1998,3,"1998-03-04",33836,59,65100,0,300.443064082,3.00443064082,-1.93302875807209,2.33906100930033
405,"COLEMAN NFH","Battle","fall",1998,3,"1998-03-04",25548,56,65100,0,300.443064082,3.00443064082,-2.39820565551114,2.33906100930033
406,"COLEMAN NFH","Battle","fall",1998,3,"1998-03-06",35612,58,65100,0,300.443064082,3.00443064082,-2.08808772388511,2.33906100930033
408,"COLEMAN NFH","Battle","fall",1998,3,"1998-03-06",32477,59,65100,0,300.443064082,3.00443064082,-1.93302875807209,2.33906100930033
409,"COLEMAN NFH","Battle","fall",1998,3,"1998-03-04",26515,58,65100,0,300.443064082,3.00443064082,-2.08808772388511,2.33906100930033
417,"COLEMAN NFH","Battle","fall",1998,3,"1998-03-31",29701,62,65100,0,300.443064082,3.00443064082,-1.46785186063303,2.33906100930033
425,"COLEMAN NFH","Battle","fall",1998,3,"1998-03-31",24173,61,65100,0,300.443064082,3.00443064082,-1.62291082644605,2.33906100930033
447,"COLEMAN NFH","Battle","fall",1998,3,"1998-03-31",21694,65,65100,0,300.443064082,3.00443064082,-1.00267496319397,2.33906100930033
448,"COLEMAN NFH","Battle","fall",1998,3,"1998-03-31",73319,64,65100,0,300.443064082,3.00443064082,-1.15773392900699,2.33906100930033
455,"COLEMAN NFH","Battle","fall",1998,3,"1998-03-31",30772,66,65100,0,300.443064082,3.00443064082,-0.847615997380956,2.33906100930033
457,"COLEMAN NFH","Battle","fall",1998,3,"1998-03-31",27654,65,65100,0,300.443064082,3.00443064082,-1.00267496319397,2.33906100930033
471,"COLEMAN NFH","Battle","fall",1998,3,"1998-03-31",32790,68,65100,0,300.443064082,3.00443064082,-0.537498065754918,2.33906100930033
401,"COLEMAN NFH","Battle","fall",1998,4,"1998-04-07",33665,55,38200,0,300.443064082,3.00443064082,-2.55326462132416,0.876663322104065
402,"COLEMAN NFH","Battle","fall",1998,4,"1998-04-23",32292,57,38200,0,300.443064082,3.00443064082,-2.24314668969813,0.876663322104065
467,"COLEMAN NFH","Battle","fall",1998,4,"1998-04-23",26796,66,38200,0,300.443064082,3.00443064082,-0.847615997380956,0.876663322104065
468,"COLEMAN NFH","Battle","fall",1998,4,"1998-04-07",26750,64,38200,0,300.443064082,3.00443064082,-1.15773392900699,0.876663322104065
475,"COLEMAN NFH","Battle","fall",1998,4,"1998-04-07",29265,65,38200,0,300.443064082,3.00443064082,-1.00267496319397,0.876663322104065
481,"COLEMAN NFH","Battle","fall",1998,4,"1998-04-07",26796,66,38200,0,300.443064082,3.00443064082,-0.847615997380956,0.876663322104065
482,"COLEMAN NFH","Battle","fall",1998,4,"1998-04-22",25711,67,38200,0,300.443064082,3.00443064082,-0.692557031567937,0.876663322104065
495,"COLEMAN NFH","Battle","fall",1998,4,"1998-04-22",28746,68,38200,0,300.443064082,3.00443064082,-0.537498065754918,0.876663322104065
496,"COLEMAN NFH","Battle","fall",1998,4,"1998-04-22",32394,69,38200,0,300.443064082,3.00443064082,-0.382439099941899,0.876663322104065
529,"COLEMAN NFH","Battle","fall",1998,4,"1998-04-22",19624,71,38200,0,300.443064082,3.00443064082,-0.0723211683158614,0.876663322104065
532,"COLEMAN NFH","Battle","fall",1998,4,"1998-04-22",23993,70,38200,0,300.443064082,3.00443064082,-0.22738013412888,0.876663322104065
559,"COLEMAN NFH","Battle","fall",1998,4,"1998-04-22",19558,72,38200,0,300.443064082,3.00443064082,0.0827377974971575,0.876663322104065
561,"COLEMAN NFH","Battle","fall",1998,4,"1998-04-22",17802,72,38200,0,300.443064082,3.00443064082,0.0827377974971575,0.876663322104065
572,"COLEMAN NFH","Battle","fall",1998,4,"1998-04-22",20322,73,38200,0,300.443064082,3.00443064082,0.237796763310176,0.876663322104065
412,"COLEMAN NFH","Battle","fall",1999,3,"1999-03-31",25343,59,41200,0,300.443064082,3.00443064082,-1.93302875807209,1.03975600097354
404,"COLEMAN NFH","Battle","fall",1999,4,"1999-04-27",34976,59,17200,0,300.443064082,3.00443064082,-1.93302875807209,-0.264985429982236
420,"COLEMAN NFH","Battle","fall",1999,4,"1999-04-27",36522,63,17200,0,300.443064082,3.00443064082,-1.31279289482001,-0.264985429982236
433,"COLEMAN NFH","Battle","fall",1999,4,"1999-04-27",35178,63,17200,0,300.443064082,3.00443064082,-1.31279289482001,-0.264985429982236
446,"COLEMAN NFH","Battle","fall",1999,4,"1999-04-27",35985,68,17200,0,300.443064082,3.00443064082,-0.537498065754918,-0.264985429982236
461,"COLEMAN NFH","Battle","fall",1999,4,"1999-04-27",34932,65,17200,0,300.443064082,3.00443064082,-1.00267496319397,-0.264985429982236
472,"COLEMAN NFH","Battle","fall",1999,4,"1999-04-21",28065,68,17200,0,300.443064082,3.00443064082,-0.537498065754918,-0.264985429982236
476,"COLEMAN NFH","Battle","fall",1999,4,"1999-04-21",26324,68,17200,0,300.443064082,3.00443064082,-0.537498065754918,-0.264985429982236
483,"COLEMAN NFH","Battle","fall",1999,4,"1999-04-27",36305,68,17200,0,300.443064082,3.00443064082,-0.537498065754918,-0.264985429982236
490,"COLEMAN NFH","Battle","fall",1999,4,"1999-04-27",35197,69,17200,0,300.443064082,3.00443064082,-0.382439099941899,-0.264985429982236
502,"COLEMAN NFH","Battle","fall",1999,4,"1999-04-21",29882,69,17200,0,300.443064082,3.00443064082,-0.382439099941899,-0.264985429982236
504,"COLEMAN NFH","Battle","fall",1999,4,"1999-04-20",30642,69,17200,0,300.443064082,3.00443064082,-0.382439099941899,-0.264985429982236
528,"COLEMAN NFH","Battle","fall",1999,4,"1999-04-20",31173,71,17200,0,300.443064082,3.00443064082,-0.0723211683158614,-0.264985429982236
539,"COLEMAN NFH","Battle","fall",1999,4,"1999-04-27",33303,70,17200,0,300.443064082,3.00443064082,-0.22738013412888,-0.264985429982236
554,"COLEMAN NFH","Battle","fall",1999,4,"1999-04-20",31096,71,17200,0,300.443064082,3.00443064082,-0.0723211683158614,-0.264985429982236
562,"COLEMAN NFH","Battle","fall",1999,4,"1999-04-20",32292,72,17200,0,300.443064082,3.00443064082,0.0827377974971575,-0.264985429982236
565,"COLEMAN NFH","Battle","fall",1999,4,"1999-04-20",22465,73,17200,0,300.443064082,3.00443064082,0.237796763310176,-0.264985429982236
576,"COLEMAN NFH","Battle","fall",1999,4,"1999-04-20",32880,72,17200,0,300.443064082,3.00443064082,0.0827377974971575,-0.264985429982236
582,"COLEMAN NFH","Battle","fall",1999,4,"1999-04-20",22569,73,17200,0,300.443064082,3.00443064082,0.237796763310176,-0.264985429982236
612,"COLEMAN NFH","Battle","fall",1999,4,"1999-04-27",73747,74,17200,0,300.443064082,3.00443064082,0.392855729123195,-0.264985429982236
681,"COLEMAN NFH","Battle","fall",1999,4,"1999-04-27",32792,75,17200,0,300.443064082,3.00443064082,0.547914694936214,-0.264985429982236
727,"COLEMAN NFH","Battle","fall",1999,4,"1999-04-20",16391,76,17200,0,300.443064082,3.00443064082,0.702973660749233,-0.264985429982236
737,"COLEMAN NFH","Battle","fall",1999,4,"1999-04-20",19602,78,17200,0,300.443064082,3.00443064082,1.01309159237527,-0.264985429982236
778,"COLEMAN NFH","Battle","fall",1999,4,"1999-04-28",31315,78,17200,0,300.443064082,3.00443064082,1.01309159237527,-0.264985429982236
788,"COLEMAN NFH","Battle","fall",1999,4,"1999-04-28",31438,78,17200,0,300.443064082,3.00443064082,1.01309159237527,-0.264985429982236
2275,"SAC R BEL RBDD","RBDD","fall",2000,3,"2000-03-06",46396,57,72600,1,240.3631,2.403631,-2.24314668969813,2.74679270647401
2276,"SAC R BEL RBDD","RBDD","fall",2000,3,"2000-03-13",48799,57,72600,1,240.3631,2.403631,-2.24314668969813,2.74679270647401
680,"COLEMAN NFH","Battle","fall",2000,4,"2000-04-21",35154,74,17700,2,300.443064082,3.00443064082,0.392855729123195,-0.237803316837324
714,"COLEMAN NFH","Battle","fall",2000,4,"2000-04-14",33007,75,17700,0,300.443064082,3.00443064082,0.547914694936214,-0.237803316837324
715,"COLEMAN NFH","Battle","fall",2000,4,"2000-04-14",33678,76,17700,1,300.443064082,3.00443064082,0.702973660749233,-0.237803316837324
717,"COLEMAN NFH","Battle","fall",2000,4,"2000-04-07",32130,75,17700,1,300.443064082,3.00443064082,0.547914694936214,-0.237803316837324
724,"COLEMAN NFH","Battle","fall",2000,4,"2000-04-14",69445,77,17700,3,300.443064082,3.00443064082,0.858032626562252,-0.237803316837324
732,"COLEMAN NFH","Battle","fall",2000,4,"2000-04-14",64982,77,17700,1,300.443064082,3.00443064082,0.858032626562252,-0.237803316837324
755,"COLEMAN NFH","Battle","fall",2000,4,"2000-04-14",33438,77,17700,0,300.443064082,3.00443064082,0.858032626562252,-0.237803316837324
764,"COLEMAN NFH","Battle","fall",2000,4,"2000-04-14",33452,77,17700,2,300.443064082,3.00443064082,0.858032626562252,-0.237803316837324
779,"COLEMAN NFH","Battle","fall",2000,4,"2000-04-21",35815,76,17700,1,300.443064082,3.00443064082,0.702973660749233,-0.237803316837324
786,"COLEMAN NFH","Battle","fall",2000,4,"2000-04-21",33012,76,17700,1,300.443064082,3.00443064082,0.702973660749233,-0.237803316837324
795,"COLEMAN NFH","Battle","fall",2000,4,"2000-04-14",32555,76,17700,0,300.443064082,3.00443064082,0.702973660749233,-0.237803316837324
797,"COLEMAN NFH","Battle","fall",2000,4,"2000-04-14",31573,77,17700,1,300.443064082,3.00443064082,0.858032626562252,-0.237803316837324
804,"COLEMAN NFH","Battle","fall",2000,4,"2000-04-14",32509,76,17700,0,300.443064082,3.00443064082,0.702973660749233,-0.237803316837324
810,"COLEMAN NFH","Battle","fall",2000,4,"2000-04-14",30357,77,17700,0,300.443064082,3.00443064082,0.858032626562252,-0.237803316837324
814,"COLEMAN NFH","Battle","fall",2000,4,"2000-04-21",34012,75,17700,4,300.443064082,3.00443064082,0.547914694936214,-0.237803316837324
831,"COLEMAN NFH","Battle","fall",2000,4,"2000-04-21",33354,75,17700,2,300.443064082,3.00443064082,0.547914694936214,-0.237803316837324
833,"COLEMAN NFH","Battle","fall",2000,4,"2000-04-21",33336,77,17700,0,300.443064082,3.00443064082,0.858032626562252,-0.237803316837324
838,"COLEMAN NFH","Battle","fall",2000,4,"2000-04-21",33409,76,17700,0,300.443064082,3.00443064082,0.702973660749233,-0.237803316837324
841,"COLEMAN NFH","Battle","fall",2000,4,"2000-04-21",34046,78,17700,1,300.443064082,3.00443064082,1.01309159237527,-0.237803316837324
850,"COLEMAN NFH","Battle","fall",2000,4,"2000-04-21",32340,77,17700,0,300.443064082,3.00443064082,0.858032626562252,-0.237803316837324
855,"COLEMAN NFH","Battle","fall",2000,4,"2000-04-21",33676,76,17700,3,300.443064082,3.00443064082,0.702973660749233,-0.237803316837324
856,"COLEMAN NFH","Battle","fall",2000,4,"2000-04-21",33754,74,17700,1,300.443064082,3.00443064082,0.392855729123195,-0.237803316837324
863,"COLEMAN NFH","Battle","fall",2000,4,"2000-04-21",34172,78,17700,0,300.443064082,3.00443064082,1.01309159237527,-0.237803316837324
2774,"SAC R RED BLUFF DIV DAM","RBDD","fall",2001,2,"2001-02-16",40135,43,23400,0,240.3631,2.403631,-4.41397221108039,0.0720727730146722
2775,"SAC R RED BLUFF DIV DAM","RBDD","fall",2001,3,"2001-03-05",42700,47,37800,0,240.3631,2.403631,-3.79373634782832,0.854917631588136
190,"BATTLE CREEK BELOW CNFH","Battle","fall",2001,4,"2001-04-27",62507,69,9140,23,300.443064082,3.00443064082,-0.382439099941899,-0.703161093878216
191,"BATTLE CREEK BELOW CNFH","Battle","fall",2001,4,"2001-04-27",129247,71,9140,32,300.443064082,3.00443064082,-0.0723211683158614,-0.703161093878216
192,"BATTLE CREEK BELOW CNFH","Battle","fall",2001,4,"2001-04-27",63359,71,9140,17,300.443064082,3.00443064082,-0.0723211683158614,-0.703161093878216
193,"BATTLE CREEK BELOW CNFH","Battle","fall",2001,4,"2001-04-13",65098,72,9140,11,300.443064082,3.00443064082,0.0827377974971575,-0.703161093878216
194,"BATTLE CREEK BELOW CNFH","Battle","fall",2001,4,"2001-04-13",104911,73,9140,14,300.443064082,3.00443064082,0.237796763310176,-0.703161093878216
195,"BATTLE CREEK BELOW CNFH","Battle","fall",2001,4,"2001-04-27",63866,74,9140,20,300.443064082,3.00443064082,0.392855729123195,-0.703161093878216
196,"BATTLE CREEK BELOW CNFH","Battle","fall",2001,4,"2001-04-27",65502,74,9140,18,300.443064082,3.00443064082,0.392855729123195,-0.703161093878216
197,"BATTLE CREEK BELOW CNFH","Battle","fall",2001,4,"2001-04-13",124177,73,9140,24,300.443064082,3.00443064082,0.237796763310176,-0.703161093878216
198,"BATTLE CREEK BELOW CNFH","Battle","fall",2001,4,"2001-04-27",62317,74,9140,15,300.443064082,3.00443064082,0.392855729123195,-0.703161093878216
199,"BATTLE CREEK BELOW CNFH","Battle","fall",2001,4,"2001-04-13",64668,74,9140,13,300.443064082,3.00443064082,0.392855729123195,-0.703161093878216
200,"BATTLE CREEK BELOW CNFH","Battle","fall",2001,4,"2001-04-27",59574,74,9140,20,300.443064082,3.00443064082,0.392855729123195,-0.703161093878216
201,"BATTLE CREEK BELOW CNFH","Battle","fall",2001,4,"2001-04-13",60263,75,9140,11,300.443064082,3.00443064082,0.547914694936214,-0.703161093878216
202,"BATTLE CREEK BELOW CNFH","Battle","fall",2001,4,"2001-04-13",62649,66,9140,8,300.443064082,3.00443064082,-0.847615997380956,-0.703161093878216
203,"BATTLE CREEK BELOW CNFH","Battle","fall",2001,4,"2001-04-13",55858,75,9140,13,300.443064082,3.00443064082,0.547914694936214,-0.703161093878216
204,"BATTLE CREEK BELOW CNFH","Battle","fall",2001,4,"2001-04-27",61143,76,9140,17,300.443064082,3.00443064082,0.702973660749233,-0.703161093878216
205,"BATTLE CREEK BELOW CNFH","Battle","fall",2001,4,"2001-04-13",55681,76,9140,7,300.443064082,3.00443064082,0.702973660749233,-0.703161093878216
206,"BATTLE CREEK BELOW CNFH","Battle","fall",2001,4,"2001-04-27",63301,76,9140,17,300.443064082,3.00443064082,0.702973660749233,-0.703161093878216
207,"BATTLE CREEK BELOW CNFH","Battle","fall",2001,4,"2001-04-13",52106,77,9140,13,300.443064082,3.00443064082,0.858032626562252,-0.703161093878216
208,"BATTLE CREEK BELOW CNFH","Battle","fall",2001,4,"2001-04-27",63834,77,9140,12,300.443064082,3.00443064082,0.858032626562252,-0.703161093878216
209,"BATTLE CREEK BELOW CNFH","Battle","fall",2001,4,"2001-04-13",62685,77,9140,9,300.443064082,3.00443064082,0.858032626562252,-0.703161093878216
210,"BATTLE CREEK BELOW CNFH","Battle","fall",2001,4,"2001-04-27",130444,77,9140,29,300.443064082,3.00443064082,0.858032626562252,-0.703161093878216
211,"BATTLE CREEK BELOW CNFH","Battle","fall",2001,4,"2001-04-13",122524,77,9140,21,300.443064082,3.00443064082,0.858032626562252,-0.703161093878216
212,"BATTLE CREEK BELOW CNFH","Battle","fall",2001,4,"2001-04-27",57712,77,9140,12,300.443064082,3.00443064082,0.858032626562252,-0.703161093878216
2786,"SAC R RED BLUFF DIV DAM","RBDD","fall",2002,2,"2002-02-19",49128,52,32600,14,240.3631,2.403631,-3.01844151876322,0.572223654881052
2788,"SAC R RED BLUFF DIV DAM","RBDD","fall",2002,3,"2002-03-11",49710,57,11600,7,240.3631,2.403631,-2.24314668969813,-0.569425097205249
505,"COLEMAN NFH","Battle","fall",2002,4,"2002-04-25",73430,66,9820,9,300.443064082,3.00443064082,-0.847615997380956,-0.666193420001136
525,"COLEMAN NFH","Battle","fall",2002,4,"2002-04-25",68259,68,9820,3,300.443064082,3.00443064082,-0.537498065754918,-0.666193420001136
526,"COLEMAN NFH","Battle","fall",2002,4,"2002-04-25",78037,67,9820,12,300.443064082,3.00443064082,-0.692557031567937,-0.666193420001136
549,"COLEMAN NFH","Battle","fall",2002,4,"2002-04-25",78641,69,9820,7,300.443064082,3.00443064082,-0.382439099941899,-0.666193420001136
593,"COLEMAN NFH","Battle","fall",2002,4,"2002-04-25",69465,71,9820,5,300.443064082,3.00443064082,-0.0723211683158614,-0.666193420001136
652,"COLEMAN NFH","Battle","fall",2002,4,"2002-04-18",70358,75,9820,8,300.443064082,3.00443064082,0.547914694936214,-0.666193420001136
656,"COLEMAN NFH","Battle","fall",2002,4,"2002-04-25",77946,73,9820,8,300.443064082,3.00443064082,0.237796763310176,-0.666193420001136
659,"COLEMAN NFH","Battle","fall",2002,4,"2002-04-18",75370,76,9820,6,300.443064082,3.00443064082,0.702973660749233,-0.666193420001136
675,"COLEMAN NFH","Battle","fall",2002,4,"2002-04-18",79730,77,9820,11,300.443064082,3.00443064082,0.858032626562252,-0.666193420001136
692,"COLEMAN NFH","Battle","fall",2002,4,"2002-04-18",74540,75,9820,9,300.443064082,3.00443064082,0.547914694936214,-0.666193420001136
693,"COLEMAN NFH","Battle","fall",2002,4,"2002-04-18",72525,76,9820,11,300.443064082,3.00443064082,0.702973660749233,-0.666193420001136
696,"COLEMAN NFH","Battle","fall",2002,4,"2002-04-18",77368,75,9820,16,300.443064082,3.00443064082,0.547914694936214,-0.666193420001136
718,"COLEMAN NFH","Battle","fall",2002,4,"2002-04-25",78821,74,9820,5,300.443064082,3.00443064082,0.392855729123195,-0.666193420001136
733,"COLEMAN NFH","Battle","fall",2002,4,"2002-04-18",72562,77,9820,5,300.443064082,3.00443064082,0.858032626562252,-0.666193420001136
756,"COLEMAN NFH","Battle","fall",2002,4,"2002-04-18",71450,78,9820,8,300.443064082,3.00443064082,1.01309159237527,-0.666193420001136
762,"COLEMAN NFH","Battle","fall",2002,4,"2002-04-18",71330,76,9820,8,300.443064082,3.00443064082,0.702973660749233,-0.666193420001136
770,"COLEMAN NFH","Battle","fall",2002,4,"2002-04-25",71199,74,9820,4,300.443064082,3.00443064082,0.392855729123195,-0.666193420001136
777,"COLEMAN NFH","Battle","fall",2002,4,"2002-04-18",78714,77,9820,10,300.443064082,3.00443064082,0.858032626562252,-0.666193420001136
781,"COLEMAN NFH","Battle","fall",2002,4,"2002-04-18",76148,76,9820,4,300.443064082,3.00443064082,0.702973660749233,-0.666193420001136
784,"COLEMAN NFH","Battle","fall",2002,4,"2002-04-18",78569,77,9820,10,300.443064082,3.00443064082,0.858032626562252,-0.666193420001136
802,"COLEMAN NFH","Battle","fall",2002,4,"2002-04-18",69430,79,9820,5,300.443064082,3.00443064082,1.16815055818829,-0.666193420001136
842,"COLEMAN NFH","Battle","fall",2002,4,"2002-04-24",78582,77,9820,6,300.443064082,3.00443064082,0.858032626562252,-0.666193420001136
851,"COLEMAN NFH","Battle","fall",2002,4,"2002-04-25",71598,74,9820,5,300.443064082,3.00443064082,0.392855729123195,-0.666193420001136
852,"COLEMAN NFH","Battle","fall",2002,4,"2002-04-25",77106,77,9820,6,300.443064082,3.00443064082,0.858032626562252,-0.666193420001136
853,"COLEMAN NFH","Battle","fall",2002,4,"2002-04-25",70972,79,9820,7,300.443064082,3.00443064082,1.16815055818829,-0.666193420001136
866,"COLEMAN NFH","Battle","fall",2002,4,"2002-04-25",78815,79,9820,6,300.443064082,3.00443064082,1.16815055818829,-0.666193420001136
2793,"SAC R RED BLUFF DIV DAM","RBDD","fall",2003,2,"2003-02-20",50147,55,23100,15,240.3631,2.403631,-2.55326462132416,0.055763505127725
2792,"SAC R RED BLUFF DIV DAM","RBDD","fall",2003,3,"2003-03-06",49397,60,24500,7,240.3631,2.403631,-1.77796979225907,0.131873421933478
2295,"SAC R BEL RBDD","RBDD","fall",2004,3,"2004-03-02",49566,55,70100,8,240.3631,2.403631,-2.55326462132416,2.61088214074945
213,"BATTLE CREEK BELOW CNFH","Battle","fall",2004,4,"2004-04-16",67636,78,16400,27,300.443064082,3.00443064082,1.01309159237527,-0.308476811014095
214,"BATTLE CREEK BELOW CNFH","Battle","fall",2004,4,"2004-04-16",74786,79,16400,27,300.443064082,3.00443064082,1.16815055818829,-0.308476811014095
2782,"SAC R RED BLUFF DIV DAM","RBDD","fall",2005,2,"2005-02-18",48992,49,13300,12,240.3631,2.403631,-3.48361841620228,-0.477005912512549
2780,"SAC R RED BLUFF DIV DAM","RBDD","fall",2005,3,"2005-03-07",21260,52,27900,1,240.3631,2.403631,-3.01844151876322,0.31671179131888
2781,"SAC R RED BLUFF DIV DAM","RBDD","fall",2005,3,"2005-03-07",25088,53,27900,4,240.3631,2.403631,-2.8633825529502,0.31671179131888
2776,"SAC R RED BLUFF DIV DAM","RBDD","fall",2006,2,"2006-02-16",24671,51,48900,3,240.3631,2.403631,-3.17350048457624,1.45836054340518
2777,"SAC R RED BLUFF DIV DAM","RBDD","fall",2006,2,"2006-02-16",22624,51,48900,8,240.3631,2.403631,-3.17350048457624,1.45836054340518
2778,"SAC R RED BLUFF DIV DAM","RBDD","fall",2006,2,"2006-02-24",48519,51,48900,2,240.3631,2.403631,-3.17350048457624,1.45836054340518
2787,"SAC R RED BLUFF DIV DAM","RBDD","fall",2007,3,"2007-03-15",25930,57,8950,0,240.3631,2.403631,-2.24314668969813,-0.713490296873283
2789,"SAC R RED BLUFF DIV DAM","RBDD","fall",2007,3,"2007-03-15",22930,57,8950,0,240.3631,2.403631,-2.24314668969813,-0.713490296873283
2790,"SAC R RED BLUFF DIV DAM","RBDD","fall",2007,3,"2007-03-22",25375,59,8950,0,240.3631,2.403631,-1.93302875807209,-0.713490296873283
2791,"SAC R RED BLUFF DIV DAM","RBDD","fall",2007,3,"2007-03-22",22956,58,8950,0,240.3631,2.403631,-2.08808772388511,-0.713490296873283
2783,"SAC R RED BLUFF DIV DAM","RBDD","fall",2008,3,"2008-03-03",24441,54,7010,0,240.3631,2.403631,-2.70832358713718,-0.818956895875541
2784,"SAC R RED BLUFF DIV DAM","RBDD","fall",2008,3,"2008-03-03",25863,54,7010,0,240.3631,2.403631,-2.70832358713718,-0.818956895875541
2785,"SAC R RED BLUFF DIV DAM","RBDD","fall",2008,3,"2008-03-10",49061,55,7010,0,240.3631,2.403631,-2.55326462132416,-0.818956895875541
435,"COLEMAN NFH","Battle","fall",2009,4,"2009-04-23",111938,65,9680,2,300.443064082,3.00443064082,-1.00267496319397,-0.673804411681711
527,"COLEMAN NFH","Battle","fall",2009,4,"2009-04-23",111548,73,9680,2,300.443064082,3.00443064082,0.237796763310176,-0.673804411681711
530,"COLEMAN NFH","Battle","fall",2009,4,"2009-04-23",112263,70,9680,5,300.443064082,3.00443064082,-0.22738013412888,-0.673804411681711
601,"COLEMAN NFH","Battle","fall",2009,4,"2009-04-09",108337,76,9680,17,300.443064082,3.00443064082,0.702973660749233,-0.673804411681711
649,"COLEMAN NFH","Battle","fall",2009,4,"2009-04-09",115493,73,9680,16,300.443064082,3.00443064082,0.237796763310176,-0.673804411681711
651,"COLEMAN NFH","Battle","fall",2009,4,"2009-04-16",124940,74,9680,10,300.443064082,3.00443064082,0.392855729123195,-0.673804411681711
658,"COLEMAN NFH","Battle","fall",2009,4,"2009-04-16",117384,75,9680,11,300.443064082,3.00443064082,0.547914694936214,-0.673804411681711
669,"COLEMAN NFH","Battle","fall",2009,4,"2009-04-09",106531,74,9680,8,300.443064082,3.00443064082,0.392855729123195,-0.673804411681711
671,"COLEMAN NFH","Battle","fall",2009,4,"2009-04-09",119514,75,9680,18,300.443064082,3.00443064082,0.547914694936214,-0.673804411681711
672,"COLEMAN NFH","Battle","fall",2009,4,"2009-04-16",115967,75,9680,10,300.443064082,3.00443064082,0.547914694936214,-0.673804411681711
677,"COLEMAN NFH","Battle","fall",2009,4,"2009-04-09",118116,78,9680,16,300.443064082,3.00443064082,1.01309159237527,-0.673804411681711
683,"COLEMAN NFH","Battle","fall",2009,4,"2009-04-09",105755,78,9680,8,300.443064082,3.00443064082,1.01309159237527,-0.673804411681711
694,"COLEMAN NFH","Battle","fall",2009,4,"2009-04-09",118446,77,9680,11,300.443064082,3.00443064082,0.858032626562252,-0.673804411681711
702,"COLEMAN NFH","Battle","fall",2009,4,"2009-04-23",114907,73,9680,1,300.443064082,3.00443064082,0.237796763310176,-0.673804411681711
703,"COLEMAN NFH","Battle","fall",2009,4,"2009-04-09",118706,74,9680,14,300.443064082,3.00443064082,0.392855729123195,-0.673804411681711
704,"COLEMAN NFH","Battle","fall",2009,4,"2009-04-23",125703,74,9680,5,300.443064082,3.00443064082,0.392855729123195,-0.673804411681711
722,"COLEMAN NFH","Battle","fall",2009,4,"2009-04-09",108863,76,9680,13,300.443064082,3.00443064082,0.702973660749233,-0.673804411681711
723,"COLEMAN NFH","Battle","fall",2009,4,"2009-04-16",114739,76,9680,10,300.443064082,3.00443064082,0.702973660749233,-0.673804411681711
728,"COLEMAN NFH","Battle","fall",2009,4,"2009-04-16",109019,75,9680,7,300.443064082,3.00443064082,0.547914694936214,-0.673804411681711
773,"COLEMAN NFH","Battle","fall",2009,4,"2009-04-16",113350,77,9680,4,300.443064082,3.00443064082,0.858032626562252,-0.673804411681711
782,"COLEMAN NFH","Battle","fall",2009,4,"2009-04-16",119391,76,9680,9,300.443064082,3.00443064082,0.702973660749233,-0.673804411681711
785,"COLEMAN NFH","Battle","fall",2009,4,"2009-04-23",120613,77,9680,5,300.443064082,3.00443064082,0.858032626562252,-0.673804411681711
808,"COLEMAN NFH","Battle","fall",2009,4,"2009-04-09",112979,76,9680,10,300.443064082,3.00443064082,0.702973660749233,-0.673804411681711
829,"COLEMAN NFH","Battle","fall",2009,4,"2009-04-23",254035,77,9680,12,300.443064082,3.00443064082,0.858032626562252,-0.673804411681711
839,"COLEMAN NFH","Battle","fall",2009,4,"2009-04-23",118917,77,9680,5,300.443064082,3.00443064082,0.858032626562252,-0.673804411681711
874,"COLEMAN NFH","Battle","fall",2009,4,"2009-04-23",109171,79,9680,4,300.443064082,3.00443064082,1.16815055818829,-0.673804411681711
416,"COLEMAN NFH","Battle","fall",2010,4,"2010-04-16",44656,62,16600,0,300.443064082,3.00443064082,-1.46785186063303,-0.29760396575613
515,"COLEMAN NFH","Battle","fall",2010,4,"2010-04-16",93922,70,16600,4,300.443064082,3.00443064082,-0.22738013412888,-0.29760396575613
517,"COLEMAN NFH","Battle","fall",2010,4,"2010-04-16",89374,69,16600,10,300.443064082,3.00443064082,-0.382439099941899,-0.29760396575613
531,"COLEMAN NFH","Battle","fall",2010,4,"2010-04-16",90698,71,16600,9,300.443064082,3.00443064082,-0.0723211683158614,-0.29760396575613
550,"COLEMAN NFH","Battle","fall",2010,4,"2010-04-16",99410,70,16600,12,300.443064082,3.00443064082,-0.22738013412888,-0.29760396575613
553,"COLEMAN NFH","Battle","fall",2010,4,"2010-04-16",103920,72,16600,10,300.443064082,3.00443064082,0.0827377974971575,-0.29760396575613
581,"COLEMAN NFH","Battle","fall",2010,4,"2010-04-16",109286,71,16600,9,300.443064082,3.00443064082,-0.0723211683158614,-0.29760396575613
594,"COLEMAN NFH","Battle","fall",2010,4,"2010-04-09",111540,72,16600,36,300.443064082,3.00443064082,0.0827377974971575,-0.29760396575613
608,"COLEMAN NFH","Battle","fall",2010,4,"2010-04-16",108935,72,16600,9,300.443064082,3.00443064082,0.0827377974971575,-0.29760396575613
609,"COLEMAN NFH","Battle","fall",2010,4,"2010-04-16",101711,73,16600,16,300.443064082,3.00443064082,0.237796763310176,-0.29760396575613
610,"COLEMAN NFH","Battle","fall",2010,4,"2010-04-09",117720,74,16600,33,300.443064082,3.00443064082,0.392855729123195,-0.29760396575613
613,"COLEMAN NFH","Battle","fall",2010,4,"2010-04-09",111311,72,16600,37,300.443064082,3.00443064082,0.0827377974971575,-0.29760396575613
653,"COLEMAN NFH","Battle","fall",2010,4,"2010-04-09",104281,75,16600,36,300.443064082,3.00443064082,0.547914694936214,-0.29760396575613
670,"COLEMAN NFH","Battle","fall",2010,4,"2010-04-09",116800,74,16600,34,300.443064082,3.00443064082,0.392855729123195,-0.29760396575613
673,"COLEMAN NFH","Battle","fall",2010,4,"2010-04-09",107617,75,16600,42,300.443064082,3.00443064082,0.547914694936214,-0.29760396575613
674,"COLEMAN NFH","Battle","fall",2010,4,"2010-04-08",94765,76,16600,28,300.443064082,3.00443064082,0.702973660749233,-0.29760396575613
697,"COLEMAN NFH","Battle","fall",2010,4,"2010-04-09",98366,75,16600,34,300.443064082,3.00443064082,0.547914694936214,-0.29760396575613
720,"COLEMAN NFH","Battle","fall",2010,4,"2010-04-08",191878,75,16600,54,300.443064082,3.00443064082,0.547914694936214,-0.29760396575613
729,"COLEMAN NFH","Battle","fall",2010,4,"2010-04-08",108389,75,16600,32,300.443064082,3.00443064082,0.547914694936214,-0.29760396575613
731,"COLEMAN NFH","Battle","fall",2010,4,"2010-04-08",112440,76,16600,32,300.443064082,3.00443064082,0.702973660749233,-0.29760396575613
734,"COLEMAN NFH","Battle","fall",2010,4,"2010-04-08",87908,78,16600,26,300.443064082,3.00443064082,1.01309159237527,-0.29760396575613
783,"COLEMAN NFH","Battle","fall",2010,4,"2010-04-08",116573,76,16600,32,300.443064082,3.00443064082,0.702973660749233,-0.29760396575613
822,"COLEMAN NFH","Battle","fall",2010,4,"2010-04-08",117046,79,16600,29,300.443064082,3.00443064082,1.16815055818829,-0.29760396575613
840,"COLEMAN NFH","Battle","fall",2010,4,"2010-04-08",95513,78,16600,22,300.443064082,3.00443064082,1.01309159237527,-0.29760396575613
436,"COLEMAN NFH","Battle","fall",2011,4,"2011-04-28",101916,64,56400,4,300.443064082,3.00443064082,-1.15773392900699,1.86609224057886
439,"COLEMAN NFH","Battle","fall",2011,4,"2011-04-28",109050,66,56400,1,300.443064082,3.00443064082,-0.847615997380956,1.86609224057886
442,"COLEMAN NFH","Battle","fall",2011,4,"2011-04-28",116363,67,56400,1,300.443064082,3.00443064082,-0.692557031567937,1.86609224057886
534,"COLEMAN NFH","Battle","fall",2011,4,"2011-04-22",114286,67,56400,10,300.443064082,3.00443064082,-0.692557031567937,1.86609224057886
535,"COLEMAN NFH","Battle","fall",2011,4,"2011-04-22",117642,68,56400,7,300.443064082,3.00443064082,-0.537498065754918,1.86609224057886
536,"COLEMAN NFH","Battle","fall",2011,4,"2011-04-14",116346,69,56400,7,300.443064082,3.00443064082,-0.382439099941899,1.86609224057886
537,"COLEMAN NFH","Battle","fall",2011,4,"2011-04-22",353100,69,56400,28,300.443064082,3.00443064082,-0.382439099941899,1.86609224057886
538,"COLEMAN NFH","Battle","fall",2011,4,"2011-04-28",235534,69,56400,3,300.443064082,3.00443064082,-0.382439099941899,1.86609224057886
540,"COLEMAN NFH","Battle","fall",2011,4,"2011-04-14",114897,70,56400,13,300.443064082,3.00443064082,-0.22738013412888,1.86609224057886
541,"COLEMAN NFH","Battle","fall",2011,4,"2011-04-28",230154,71,56400,5,300.443064082,3.00443064082,-0.0723211683158614,1.86609224057886
543,"COLEMAN NFH","Battle","fall",2011,4,"2011-04-14",106750,72,56400,16,300.443064082,3.00443064082,0.0827377974971575,1.86609224057886
545,"COLEMAN NFH","Battle","fall",2011,4,"2011-04-21",107843,73,56400,7,300.443064082,3.00443064082,0.237796763310176,1.86609224057886
546,"COLEMAN NFH","Battle","fall",2011,4,"2011-04-28",120004,73,56400,1,300.443064082,3.00443064082,0.237796763310176,1.86609224057886
547,"COLEMAN NFH","Battle","fall",2011,4,"2011-04-14",113657,74,56400,18,300.443064082,3.00443064082,0.392855729123195,1.86609224057886
548,"COLEMAN NFH","Battle","fall",2011,4,"2011-04-21",114941,74,56400,11,300.443064082,3.00443064082,0.392855729123195,1.86609224057886
740,"COLEMAN NFH","Battle","fall",2011,4,"2011-04-14",103101,72,56400,20,300.443064082,3.00443064082,0.0827377974971575,1.86609224057886
741,"COLEMAN NFH","Battle","fall",2011,4,"2011-04-21",220218,73,56400,17,300.443064082,3.00443064082,0.237796763310176,1.86609224057886
748,"COLEMAN NFH","Battle","fall",2011,4,"2011-04-14",221989,76,56400,32,300.443064082,3.00443064082,0.702973660749233,1.86609224057886
749,"COLEMAN NFH","Battle","fall",2011,4,"2011-04-21",116619,76,56400,6,300.443064082,3.00443064082,0.702973660749233,1.86609224057886
641,"COLEMAN NFH","Battle","fall",2012,4,"2012-04-19",109094,75,13500,4,300.443064082,3.00443064082,0.547914694936214,-0.466133067254584
642,"COLEMAN NFH","Battle","fall",2012,4,"2012-04-20",115007,75,13500,1,300.443064082,3.00443064082,0.547914694936214,-0.466133067254584
711,"COLEMAN NFH","Battle","fall",2012,4,"2012-04-19",115185,77,13500,4,300.443064082,3.00443064082,0.858032626562252,-0.466133067254584
744,"COLEMAN NFH","Battle","fall",2012,4,"2012-04-20",84243,75,13500,3,300.443064082,3.00443064082,0.547914694936214,-0.466133067254584
750,"COLEMAN NFH","Battle","fall",2012,4,"2012-04-19",112234,76,13500,3,300.443064082,3.00443064082,0.702973660749233,-0.466133067254584
752,"COLEMAN NFH","Battle","fall",2012,4,"2012-04-19",117682,78,13500,5,300.443064082,3.00443064082,1.01309159237527,-0.466133067254584
796,"COLEMAN NFH","Battle","fall",2012,4,"2012-04-19",322472,76,13500,8,300.443064082,3.00443064082,0.702973660749233,-0.466133067254584
799,"COLEMAN NFH","Battle","fall",2012,4,"2012-04-19",104691,78,13500,7,300.443064082,3.00443064082,1.01309159237527,-0.466133067254584
817,"COLEMAN NFH","Battle","fall",2012,4,"2012-04-19",119793,77,13500,5,300.443064082,3.00443064082,0.858032626562252,-0.466133067254584
836,"COLEMAN NFH","Battle","fall",2012,4,"2012-04-19",107067,77,13500,5,300.443064082,3.00443064082,0.858032626562252,-0.466133067254584
859,"COLEMAN NFH","Battle","fall",2012,4,"2012-04-19",118059,78,13500,3,300.443064082,3.00443064082,1.01309159237527,-0.466133067254584
865,"COLEMAN NFH","Battle","fall",2012,4,"2012-04-19",111157,80,13500,4,300.443064082,3.00443064082,1.32320952400131,-0.466133067254584
876,"COLEMAN NFH","Battle","fall",2012,4,"2012-04-19",106606,80,13500,3,300.443064082,3.00443064082,1.32320952400131,-0.466133067254584
877,"COLEMAN NFH","Battle","fall",2012,4,"2012-04-19",120304,81,13500,2,300.443064082,3.00443064082,1.47826848981433,-0.466133067254584
429,"COLEMAN NFH","Battle","fall",2012,5,"2012-05-01",107431,62,11900,5,300.443064082,3.00443064082,-1.46785186063303,-0.553115829318302
450,"COLEMAN NFH","Battle","fall",2012,5,"2012-05-01",116492,63,11900,4,300.443064082,3.00443064082,-1.31279289482001,-0.553115829318302
497,"COLEMAN NFH","Battle","fall",2012,5,"2012-05-01",119849,67,11900,6,300.443064082,3.00443064082,-0.692557031567937,-0.553115829318302
686,"COLEMAN NFH","Battle","fall",2012,5,"2012-05-01",111093,74,11900,6,300.443064082,3.00443064082,0.392855729123195,-0.553115829318302
745,"COLEMAN NFH","Battle","fall",2012,5,"2012-05-01",119684,75,11900,9,300.443064082,3.00443064082,0.547914694936214,-0.553115829318302
791,"COLEMAN NFH","Battle","fall",2012,5,"2012-05-01",126404,66,11900,13,300.443064082,3.00443064082,-0.847615997380956,-0.553115829318302
811,"COLEMAN NFH","Battle","fall",2012,5,"2012-05-01",118451,73,11900,9,300.443064082,3.00443064082,0.237796763310176,-0.553115829318302
812,"COLEMAN NFH","Battle","fall",2012,5,"2012-05-01",110545,74,11900,7,300.443064082,3.00443064082,0.392855729123195,-0.553115829318302
815,"COLEMAN NFH","Battle","fall",2012,5,"2012-05-01",112672,75,11900,5,300.443064082,3.00443064082,0.547914694936214,-0.553115829318302
843,"COLEMAN NFH","Battle","fall",2012,5,"2012-05-01",115329,77,11900,4,300.443064082,3.00443064082,0.858032626562252,-0.553115829318302
858,"COLEMAN NFH","Battle","fall",2012,5,"2012-05-01",189228,77,11900,10,300.443064082,3.00443064082,0.858032626562252,-0.553115829318302
453,"COLEMAN NFH","Battle","fall",2013,4,"2013-04-24",112180,66,11300,0,300.443064082,3.00443064082,-0.847615997380956,-0.585734365092197
533,"COLEMAN NFH","Battle","fall",2013,4,"2013-04-10",323368,65,11300,0,300.443064082,3.00443064082,-1.00267496319397,-0.585734365092197
570,"COLEMAN NFH","Battle","fall",2013,4,"2013-04-24",111763,72,11300,0,300.443064082,3.00443064082,0.0827377974971575,-0.585734365092197
585,"COLEMAN NFH","Battle","fall",2013,4,"2013-04-24",221209,72,11300,0,300.443064082,3.00443064082,0.0827377974971575,-0.585734365092197
620,"COLEMAN NFH","Battle","fall",2013,4,"2013-04-24",217061,73,11300,0,300.443064082,3.00443064082,0.237796763310176,-0.585734365092197
631,"COLEMAN NFH","Battle","fall",2013,4,"2013-04-10",303629,71,11300,0,300.443064082,3.00443064082,-0.0723211683158614,-0.585734365092197
660,"COLEMAN NFH","Battle","fall",2013,4,"2013-04-10",207219,71,11300,0,300.443064082,3.00443064082,-0.0723211683158614,-0.585734365092197
664,"COLEMAN NFH","Battle","fall",2013,4,"2013-04-24",209004,74,11300,0,300.443064082,3.00443064082,0.392855729123195,-0.585734365092197
707,"COLEMAN NFH","Battle","fall",2013,4,"2013-04-24",209113,74,11300,0,300.443064082,3.00443064082,0.392855729123195,-0.585734365092197
743,"COLEMAN NFH","Battle","fall",2013,4,"2013-04-10",200087,74,11300,0,300.443064082,3.00443064082,0.392855729123195,-0.585734365092197
771,"COLEMAN NFH","Battle","fall",2013,4,"2013-04-24",323396,76,11300,0,300.443064082,3.00443064082,0.702973660749233,-0.585734365092197
857,"COLEMAN NFH","Battle","fall",2013,4,"2013-04-11",101247,75,11300,0,300.443064082,3.00443064082,0.547914694936214,-0.585734365092197
870,"COLEMAN NFH","Battle","fall",2013,4,"2013-04-11",202819,79,11300,0,300.443064082,3.00443064082,1.16815055818829,-0.585734365092197
598,"COLEMAN NFH","Battle","fall",2014,4,"2014-04-04",215501,71,9450,2,300.443064082,3.00443064082,-0.0723211683158614,-0.686308183728371
705,"COLEMAN NFH","Battle","fall",2014,4,"2014-04-04",196513,72,9450,3,300.443064082,3.00443064082,0.0827377974971575,-0.686308183728371
792,"COLEMAN NFH","Battle","fall",2014,4,"2014-04-04",304012,74,9450,5,300.443064082,3.00443064082,0.392855729123195,-0.686308183728371
844,"COLEMAN NFH","Battle","fall",2014,4,"2014-04-04",409680,77,9450,7,300.443064082,3.00443064082,0.858032626562252,-0.686308183728371
428,"COLEMAN NFH","Battle","fall",2016,3,"2016-03-14",114271,61,42100,23,300.443064082,3.00443064082,-1.62291082644605,1.08868380463438
451,"COLEMAN NFH","Battle","fall",2016,3,"2016-03-22",93418,64,42100,14,300.443064082,3.00443064082,-1.15773392900699,1.08868380463438
459,"COLEMAN NFH","Battle","fall",2016,3,"2016-03-22",122928,66,42100,23,300.443064082,3.00443064082,-0.847615997380956,1.08868380463438
469,"COLEMAN NFH","Battle","fall",2016,3,"2016-03-14",99700,64,42100,14,300.443064082,3.00443064082,-1.15773392900699,1.08868380463438
507,"COLEMAN NFH","Battle","fall",2016,3,"2016-03-22",107719,68,42100,21,300.443064082,3.00443064082,-0.537498065754918,1.08868380463438
444,"COLEMAN NFH","Battle","fall",2016,4,"2016-04-12",109002,76,8700,0,300.443064082,3.00443064082,0.702973660749233,-0.727081353445739
454,"COLEMAN NFH","Battle","fall",2016,4,"2016-04-29",111343,66,8700,2,300.443064082,3.00443064082,-0.847615997380956,-0.727081353445739
465,"COLEMAN NFH","Battle","fall",2016,4,"2016-04-29",12315,67,8700,0,300.443064082,3.00443064082,-0.692557031567937,-0.727081353445739
470,"COLEMAN NFH","Battle","fall",2016,4,"2016-04-12",116636,66,8700,0,300.443064082,3.00443064082,-0.847615997380956,-0.727081353445739
480,"COLEMAN NFH","Battle","fall",2016,4,"2016-04-29",117001,67,8700,1,300.443064082,3.00443064082,-0.692557031567937,-0.727081353445739
520,"COLEMAN NFH","Battle","fall",2016,4,"2016-04-12",94858,69,8700,0,300.443064082,3.00443064082,-0.382439099941899,-0.727081353445739
555,"COLEMAN NFH","Battle","fall",2016,4,"2016-04-29",112920,70,8700,4,300.443064082,3.00443064082,-0.22738013412888,-0.727081353445739
567,"COLEMAN NFH","Battle","fall",2016,4,"2016-04-12",116694,69,8700,1,300.443064082,3.00443064082,-0.382439099941899,-0.727081353445739
596,"COLEMAN NFH","Battle","fall",2016,4,"2016-04-07",119284,68,8700,3,300.443064082,3.00443064082,-0.537498065754918,-0.727081353445739
615,"COLEMAN NFH","Battle","fall",2016,4,"2016-04-12",97727,70,8700,2,300.443064082,3.00443064082,-0.22738013412888,-0.727081353445739
636,"COLEMAN NFH","Battle","fall",2016,4,"2016-04-29",115582,73,8700,3,300.443064082,3.00443064082,0.237796763310176,-0.727081353445739
661,"COLEMAN NFH","Battle","fall",2016,4,"2016-04-07",116073,72,8700,1,300.443064082,3.00443064082,0.0827377974971575,-0.727081353445739
684,"COLEMAN NFH","Battle","fall",2016,4,"2016-04-07",118457,70,8700,0,300.443064082,3.00443064082,-0.22738013412888,-0.727081353445739
738,"COLEMAN NFH","Battle","fall",2016,4,"2016-04-07",113019,71,8700,3,300.443064082,3.00443064082,-0.0723211683158614,-0.727081353445739
768,"COLEMAN NFH","Battle","fall",2016,4,"2016-04-07",115773,72,8700,3,300.443064082,3.00443064082,0.0827377974971575,-0.727081353445739
769,"COLEMAN NFH","Battle","fall",2016,4,"2016-04-12",99060,72,8700,0,300.443064082,3.00443064082,0.0827377974971575,-0.727081353445739
827,"COLEMAN NFH","Battle","fall",2016,4,"2016-04-07",96550,72,8700,1,300.443064082,3.00443064082,0.0827377974971575,-0.727081353445739
828,"COLEMAN NFH","Battle","fall",2016,4,"2016-04-07",91717,74,8700,3,300.443064082,3.00443064082,0.392855729123195,-0.727081353445739
869,"COLEMAN NFH","Battle","fall",2016,4,"2016-04-07",116707,78,8700,2,300.443064082,3.00443064082,1.01309159237527,-0.727081353445739
875,"COLEMAN NFH","Battle","fall",2016,4,"2016-04-07",111609,76,8700,3,300.443064082,3.00443064082,0.702973660749233,-0.727081353445739
878,"COLEMAN NFH","Battle","fall",2016,4,"2016-04-07",90361,75,8700,4,300.443064082,3.00443064082,0.547914694936214,-0.727081353445739
882,"COLEMAN NFH","Battle","fall",2016,4,"2016-04-07",95513,79,8700,5,300.443064082,3.00443064082,1.16815055818829,-0.727081353445739
887,"COLEMAN NFH","Battle","fall",2016,4,"2016-04-07",104024,81,8700,1,300.443064082,3.00443064082,1.47826848981433,-0.727081353445739
892,"COLEMAN NFH","Battle","fall",2016,4,"2016-04-07",101339,85,8700,2,300.443064082,3.00443064082,2.0985043530664,-0.727081353445739
478,"COLEMAN NFH","Battle","fall",2017,3,"2017-03-22",118521,66,76300,44,300.443064082,3.00443064082,-0.847615997380956,2.94794034374635
518,"COLEMAN NFH","Battle","fall",2017,3,"2017-03-22",102937,68,76300,26,300.443064082,3.00443064082,-0.537498065754918,2.94794034374635
568,"COLEMAN NFH","Battle","fall",2017,3,"2017-03-22",101425,69,76300,21,300.443064082,3.00443064082,-0.382439099941899,2.94794034374635
597,"COLEMAN NFH","Battle","fall",2017,3,"2017-03-22",95529,70,76300,37,300.443064082,3.00443064082,-0.22738013412888,2.94794034374635
566,"COLEMAN NFH","Battle","fall",2017,4,"2017-04-21",111545,67,38900,6,300.443064082,3.00443064082,-0.692557031567937,0.914718280506942
583,"COLEMAN NFH","Battle","fall",2017,4,"2017-04-05",205882,71,38900,9,300.443064082,3.00443064082,-0.0723211683158614,0.914718280506942
616,"COLEMAN NFH","Battle","fall",2017,4,"2017-04-05",110955,71,38900,9,300.443064082,3.00443064082,-0.0723211683158614,0.914718280506942
618,"COLEMAN NFH","Battle","fall",2017,4,"2017-04-12",96041,72,38900,2,300.443064082,3.00443064082,0.0827377974971575,0.914718280506942
621,"COLEMAN NFH","Battle","fall",2017,4,"2017-04-05",101602,73,38900,7,300.443064082,3.00443064082,0.237796763310176,0.914718280506942
632,"COLEMAN NFH","Battle","fall",2017,4,"2017-04-05",98054,71,38900,4,300.443064082,3.00443064082,-0.0723211683158614,0.914718280506942
634,"COLEMAN NFH","Battle","fall",2017,4,"2017-04-05",107992,72,38900,7,300.443064082,3.00443064082,0.0827377974971575,0.914718280506942
635,"COLEMAN NFH","Battle","fall",2017,4,"2017-04-21",108055,72,38900,11,300.443064082,3.00443064082,0.0827377974971575,0.914718280506942
662,"COLEMAN NFH","Battle","fall",2017,4,"2017-04-05",111467,72,38900,5,300.443064082,3.00443064082,0.0827377974971575,0.914718280506942
685,"COLEMAN NFH","Battle","fall",2017,4,"2017-04-05",107613,72,38900,10,300.443064082,3.00443064082,0.0827377974971575,0.914718280506942
687,"COLEMAN NFH","Battle","fall",2017,4,"2017-04-12",112402,74,38900,5,300.443064082,3.00443064082,0.392855729123195,0.914718280506942
706,"COLEMAN NFH","Battle","fall",2017,4,"2017-04-12",116071,73,38900,11,300.443064082,3.00443064082,0.237796763310176,0.914718280506942
708,"COLEMAN NFH","Battle","fall",2017,4,"2017-04-05",213600,74,38900,14,300.443064082,3.00443064082,0.392855729123195,0.914718280506942
739,"COLEMAN NFH","Battle","fall",2017,4,"2017-04-21",120432,71,38900,10,300.443064082,3.00443064082,-0.0723211683158614,0.914718280506942
742,"COLEMAN NFH","Battle","fall",2017,4,"2017-04-05",109578,73,38900,3,300.443064082,3.00443064082,0.237796763310176,0.914718280506942
746,"COLEMAN NFH","Battle","fall",2017,4,"2017-04-12",100531,75,38900,9,300.443064082,3.00443064082,0.547914694936214,0.914718280506942
794,"COLEMAN NFH","Battle","fall",2017,4,"2017-04-05",113039,75,38900,5,300.443064082,3.00443064082,0.547914694936214,0.914718280506942
813,"COLEMAN NFH","Battle","fall",2017,4,"2017-04-05",100368,74,38900,2,300.443064082,3.00443064082,0.392855729123195,0.914718280506942
816,"COLEMAN NFH","Battle","fall",2017,4,"2017-04-21",114992,75,38900,10,300.443064082,3.00443064082,0.547914694936214,0.914718280506942
818,"COLEMAN NFH","Battle","fall",2017,4,"2017-04-05",110591,77,38900,3,300.443064082,3.00443064082,0.858032626562252,0.914718280506942
845,"COLEMAN NFH","Battle","fall",2017,4,"2017-04-05",110851,77,38900,5,300.443064082,3.00443064082,0.858032626562252,0.914718280506942
846,"COLEMAN NFH","Battle","fall",2017,4,"2017-04-05",109717,78,38900,1,300.443064082,3.00443064082,1.01309159237527,0.914718280506942
462,"COLEMAN NFH","Battle","fall",2018,4,"2018-04-13",58894,68,37000,5,300.443064082,3.00443064082,-0.537498065754918,0.811426250556277
463,"COLEMAN NFH","Battle","fall",2018,4,"2018-04-06",94803,70,37000,11,300.443064082,3.00443064082,-0.22738013412888,0.811426250556277
473,"COLEMAN NFH","Battle","fall",2018,4,"2018-04-13",77645,70,37000,4,300.443064082,3.00443064082,-0.22738013412888,0.811426250556277
491,"COLEMAN NFH","Battle","fall",2018,4,"2018-04-13",72941,69,37000,5,300.443064082,3.00443064082,-0.382439099941899,0.811426250556277
501,"COLEMAN NFH","Battle","fall",2018,4,"2018-04-06",102013,67,37000,9,300.443064082,3.00443064082,-0.692557031567937,0.811426250556277
513,"COLEMAN NFH","Battle","fall",2018,4,"2018-04-06",87790,70,37000,6,300.443064082,3.00443064082,-0.22738013412888,0.811426250556277
580,"COLEMAN NFH","Battle","fall",2018,4,"2018-04-06",115967,70,37000,15,300.443064082,3.00443064082,-0.22738013412888,0.811426250556277
605,"COLEMAN NFH","Battle","fall",2018,4,"2018-04-06",114566,71,37000,8,300.443064082,3.00443064082,-0.0723211683158614,0.811426250556277
611,"COLEMAN NFH","Battle","fall",2018,4,"2018-04-06",71606,71,37000,8,300.443064082,3.00443064082,-0.0723211683158614,0.811426250556277
625,"COLEMAN NFH","Battle","fall",2018,4,"2018-04-06",106255,74,37000,12,300.443064082,3.00443064082,0.392855729123195,0.811426250556277
628,"COLEMAN NFH","Battle","fall",2018,4,"2018-04-13",79660,73,37000,9,300.443064082,3.00443064082,0.237796763310176,0.811426250556277
725,"COLEMAN NFH","Battle","fall",2018,4,"2018-04-06",81222,73,37000,4,300.443064082,3.00443064082,0.237796763310176,0.811426250556277
766,"COLEMAN NFH","Battle","fall",2018,4,"2018-04-06",113145,76,37000,10,300.443064082,3.00443064082,0.702973660749233,0.811426250556277
832,"COLEMAN NFH","Battle","fall",2018,4,"2018-04-06",98678,75,37000,8,300.443064082,3.00443064082,0.547914694936214,0.811426250556277
889,"COLEMAN NFH","Battle","fall",2018,4,"2018-04-20",15497,64,37000,0,300.443064082,3.00443064082,-1.15773392900699,0.811426250556277
449,"COLEMAN NFH","Battle","fall",2019,3,"2019-03-14",109772,67,64500,33,300.443064082,3.00443064082,-0.692557031567937,2.30644247352643
492,"COLEMAN NFH","Battle","fall",2019,3,"2019-03-25",125513,69,64500,19,300.443064082,3.00443064082,-0.382439099941899,2.30644247352643
493,"COLEMAN NFH","Battle","fall",2019,3,"2019-03-14",122098,68,64500,26,300.443064082,3.00443064082,-0.537498065754918,2.30644247352643
573,"COLEMAN NFH","Battle","fall",2019,3,"2019-03-29",114007,69,64500,18,300.443064082,3.00443064082,-0.382439099941899,2.30644247352643
578,"COLEMAN NFH","Battle","fall",2019,3,"2019-03-25",116795,73,64500,24,300.443064082,3.00443064082,0.237796763310176,2.30644247352643
617,"COLEMAN NFH","Battle","fall",2019,3,"2019-03-29",94890,71,64500,18,300.443064082,3.00443064082,-0.0723211683158614,2.30644247352643
619,"COLEMAN NFH","Battle","fall",2019,3,"2019-03-29",112495,72,64500,22,300.443064082,3.00443064082,0.0827377974971575,2.30644247352643
647,"COLEMAN NFH","Battle","fall",2019,3,"2019-03-14",113655,74,64500,36,300.443064082,3.00443064082,0.392855729123195,2.30644247352643
809,"COLEMAN NFH","Battle","fall",2019,3,"2019-03-29",112484,76,64500,29,300.443064082,3.00443064082,0.702973660749233,2.30644247352643
834,"COLEMAN NFH","Battle","fall",2019,3,"2019-03-25",112316,78,64500,31,300.443064082,3.00443064082,1.01309159237527,2.30644247352643
849,"COLEMAN NFH","Battle","fall",2019,3,"2019-03-29",92894,77,64500,12,300.443064082,3.00443064082,0.858032626562252,2.30644247352643
544,"COLEMAN NFH","Battle","fall",2019,4,"2019-04-08",121328,72,54900,19,300.443064082,3.00443064082,0.0827377974971575,1.78454590114412
606,"COLEMAN NFH","Battle","fall",2019,4,"2019-04-08",21356,72,54900,0,300.443064082,3.00443064082,0.0827377974971575,1.78454590114412
607,"COLEMAN NFH","Battle","fall",2019,4,"2019-04-08",115996,74,54900,16,300.443064082,3.00443064082,0.392855729123195,1.78454590114412
623,"COLEMAN NFH","Battle","fall",2019,4,"2019-04-19",115461,76,54900,9,300.443064082,3.00443064082,0.702973660749233,1.78454590114412
637,"COLEMAN NFH","Battle","fall",2019,4,"2019-04-08",115239,74,54900,13,300.443064082,3.00443064082,0.392855729123195,1.78454590114412
638,"COLEMAN NFH","Battle","fall",2019,4,"2019-04-19",118753,74,54900,14,300.443064082,3.00443064082,0.392855729123195,1.78454590114412
643,"COLEMAN NFH","Battle","fall",2019,4,"2019-04-19",125470,76,54900,12,300.443064082,3.00443064082,0.702973660749233,1.78454590114412
650,"COLEMAN NFH","Battle","fall",2019,4,"2019-04-08",118076,73,54900,18,300.443064082,3.00443064082,0.237796763310176,1.78454590114412
689,"COLEMAN NFH","Battle","fall",2019,4,"2019-04-19",115714,77,54900,4,300.443064082,3.00443064082,0.858032626562252,1.78454590114412
757,"COLEMAN NFH","Battle","fall",2019,4,"2019-04-08",102910,76,54900,19,300.443064082,3.00443064082,0.702973660749233,1.78454590114412
760,"COLEMAN NFH","Battle","fall",2019,4,"2019-04-08",123704,75,54900,14,300.443064082,3.00443064082,0.547914694936214,1.78454590114412
761,"COLEMAN NFH","Battle","fall",2019,4,"2019-04-08",95613,74,54900,11,300.443064082,3.00443064082,0.392855729123195,1.78454590114412
820,"COLEMAN NFH","Battle","fall",2019,4,"2019-04-11",84396,80,54900,6,300.443064082,3.00443064082,1.32320952400131,1.78454590114412
848,"COLEMAN NFH","Battle","fall",2019,4,"2019-04-11",88622,81,54900,7,300.443064082,3.00443064082,1.47826848981433,1.78454590114412
688,"COLEMAN NFH","Battle","fall",2019,5,"2019-05-03",113833,74,16100,0,300.443064082,3.00443064082,0.392855729123195,-0.324786078901042
747,"COLEMAN NFH","Battle","fall",2019,5,"2019-05-03",116135,75,16100,0,300.443064082,3.00443064082,0.547914694936214,-0.324786078901042
798,"COLEMAN NFH","Battle","fall",2019,5,"2019-05-03",115993,77,16100,2,300.443064082,3.00443064082,0.858032626562252,-0.324786078901042
871,"COLEMAN NFH","Battle","fall",2019,5,"2019-05-03",103340,83,16100,0,300.443064082,3.00443064082,1.78838642144037,-0.324786078901042
879,"COLEMAN NFH","Battle","fall",2019,5,"2019-05-03",122981,79,16100,0,300.443064082,3.00443064082,1.16815055818829,-0.324786078901042
479,"COLEMAN NFH","Battle","fall",2020,3,"2020-03-23",107437,66,9690,5,300.443064082,3.00443064082,-0.847615997380956,-0.673260769418813
512,"COLEMAN NFH","Battle","fall",2020,3,"2020-03-26",108050,75,9690,12,300.443064082,3.00443064082,0.547914694936214,-0.673260769418813
519,"COLEMAN NFH","Battle","fall",2020,3,"2020-03-23",113723,68,9690,8,300.443064082,3.00443064082,-0.537498065754918,-0.673260769418813
521,"COLEMAN NFH","Battle","fall",2020,3,"2020-03-23",96421,69,9690,7,300.443064082,3.00443064082,-0.382439099941899,-0.673260769418813
571,"COLEMAN NFH","Battle","fall",2020,3,"2020-03-23",104971,72,9690,5,300.443064082,3.00443064082,0.0827377974971575,-0.673260769418813
584,"COLEMAN NFH","Battle","fall",2020,3,"2020-03-23",112926,71,9690,10,300.443064082,3.00443064082,-0.0723211683158614,-0.673260769418813
586,"COLEMAN NFH","Battle","fall",2020,3,"2020-03-23",116142,72,9690,8,300.443064082,3.00443064082,0.0827377974971575,-0.673260769418813
587,"COLEMAN NFH","Battle","fall",2020,3,"2020-03-24",97461,72,9690,6,300.443064082,3.00443064082,0.0827377974971575,-0.673260769418813
589,"COLEMAN NFH","Battle","fall",2020,3,"2020-03-23",111388,74,9690,8,300.443064082,3.00443064082,0.392855729123195,-0.673260769418813
599,"COLEMAN NFH","Battle","fall",2020,3,"2020-03-23",94931,71,9690,7,300.443064082,3.00443064082,-0.0723211683158614,-0.673260769418813
633,"COLEMAN NFH","Battle","fall",2020,3,"2020-03-23",116214,71,9690,11,300.443064082,3.00443064082,-0.0723211683158614,-0.673260769418813
663,"COLEMAN NFH","Battle","fall",2020,3,"2020-03-23",64144,73,9690,6,300.443064082,3.00443064082,0.237796763310176,-0.673260769418813
751,"COLEMAN NFH","Battle","fall",2020,3,"2020-03-23",110292,77,9690,10,300.443064082,3.00443064082,0.858032626562252,-0.673260769418813
753,"COLEMAN NFH","Battle","fall",2020,3,"2020-03-24",91031,78,9690,4,300.443064082,3.00443064082,1.01309159237527,-0.673260769418813
772,"COLEMAN NFH","Battle","fall",2020,3,"2020-03-23",108467,76,9690,4,300.443064082,3.00443064082,0.702973660749233,-0.673260769418813
793,"COLEMAN NFH","Battle","fall",2020,3,"2020-03-23",108897,74,9690,6,300.443064082,3.00443064082,0.392855729123195,-0.673260769418813
800,"COLEMAN NFH","Battle","fall",2020,3,"2020-03-24",187519,78,9690,11,300.443064082,3.00443064082,1.01309159237527,-0.673260769418813
830,"COLEMAN NFH","Battle","fall",2020,3,"2020-03-24",90425,79,9690,7,300.443064082,3.00443064082,1.16815055818829,-0.673260769418813
590,"COLEMAN NFH","Battle","fall",2020,4,"2020-04-03",103150,74,11100,2,300.443064082,3.00443064082,0.392855729123195,-0.596607210350161
602,"COLEMAN NFH","Battle","fall",2020,4,"2020-04-22",110985,80,11100,0,300.443064082,3.00443064082,1.32320952400131,-0.596607210350161
622,"COLEMAN NFH","Battle","fall",2020,4,"2020-04-03",114010,75,11100,4,300.443064082,3.00443064082,0.547914694936214,-0.596607210350161
639,"COLEMAN NFH","Battle","fall",2020,4,"2020-04-03",92659,74,11100,3,300.443064082,3.00443064082,0.392855729123195,-0.596607210350161
665,"COLEMAN NFH","Battle","fall",2020,4,"2020-04-03",109804,75,11100,1,300.443064082,3.00443064082,0.547914694936214,-0.596607210350161
666,"COLEMAN NFH","Battle","fall",2020,4,"2020-04-03",88148,77,11100,4,300.443064082,3.00443064082,0.858032626562252,-0.596607210350161
709,"COLEMAN NFH","Battle","fall",2020,4,"2020-04-03",105957,76,11100,3,300.443064082,3.00443064082,0.702973660749233,-0.596607210350161
712,"COLEMAN NFH","Battle","fall",2020,4,"2020-04-22",98750,81,11100,2,300.443064082,3.00443064082,1.47826848981433,-0.596607210350161
713,"COLEMAN NFH","Battle","fall",2020,4,"2020-04-22",112147,82,11100,1,300.443064082,3.00443064082,1.63332745562735,-0.596607210350161
774,"COLEMAN NFH","Battle","fall",2020,4,"2020-04-22",120916,83,11100,1,300.443064082,3.00443064082,1.78838642144037,-0.596607210350161
801,"COLEMAN NFH","Battle","fall",2020,4,"2020-04-22",111854,82,11100,1,300.443064082,3.00443064082,1.63332745562735,-0.596607210350161
837,"COLEMAN NFH","Battle","fall",2020,4,"2020-04-22",99866,84,11100,0,300.443064082,3.00443064082,1.94344538725338,-0.596607210350161
872,"COLEMAN NFH","Battle","fall",2020,4,"2020-04-22",119307,87,11100,2,300.443064082,3.00443064082,2.40862228469244,-0.596607210350161
415,"COLEMAN NFH","Battle","fall",2021,3,"2021-03-18",110850,63,8670,2,300.443064082,3.00443064082,-1.31279289482001,-0.728712280234433
418,"COLEMAN NFH","Battle","fall",2021,3,"2021-03-18",112910,64,8670,2,300.443064082,3.00443064082,-1.15773392900699,-0.728712280234433
421,"COLEMAN NFH","Battle","fall",2021,3,"2021-03-18",110629,63,8670,1,300.443064082,3.00443064082,-1.31279289482001,-0.728712280234433
443,"COLEMAN NFH","Battle","fall",2021,3,"2021-03-10",113219,70,8670,1,300.443064082,3.00443064082,-0.22738013412888,-0.728712280234433
487,"COLEMAN NFH","Battle","fall",2021,3,"2021-03-18",114415,70,8670,1,300.443064082,3.00443064082,-0.22738013412888,-0.728712280234433
508,"COLEMAN NFH","Battle","fall",2021,3,"2021-03-18",227376,69,8670,6,300.443064082,3.00443064082,-0.382439099941899,-0.728712280234433
510,"COLEMAN NFH","Battle","fall",2021,3,"2021-03-18",218141,70,8670,6,300.443064082,3.00443064082,-0.22738013412888,-0.728712280234433
524,"COLEMAN NFH","Battle","fall",2021,3,"2021-03-18",116268,71,8670,3,300.443064082,3.00443064082,-0.0723211683158614,-0.728712280234433
542,"COLEMAN NFH","Battle","fall",2021,3,"2021-03-18",232675,71,8670,6,300.443064082,3.00443064082,-0.0723211683158614,-0.728712280234433
591,"COLEMAN NFH","Battle","fall",2021,3,"2021-03-10",102396,74,8670,0,300.443064082,3.00443064082,0.392855729123195,-0.728712280234433
640,"COLEMAN NFH","Battle","fall",2021,3,"2021-03-10",104970,74,8670,0,300.443064082,3.00443064082,0.392855729123195,-0.728712280234433
819,"COLEMAN NFH","Battle","fall",2021,3,"2021-03-24",92337,77,8670,0,300.443064082,3.00443064082,0.858032626562252,-0.728712280234433
847,"COLEMAN NFH","Battle","fall",2021,3,"2021-03-24",92718,80,8670,0,300.443064082,3.00443064082,1.32320952400131,-0.728712280234433
464,"COLEMAN NFH","Battle","fall",2021,4,"2021-04-08",109302,68,8810,4,300.443064082,3.00443064082,-0.537498065754918,-0.721101288553858
514,"COLEMAN NFH","Battle","fall",2021,4,"2021-04-08",122137,72,8810,0,300.443064082,3.00443064082,0.0827377974971575,-0.721101288553858
564,"COLEMAN NFH","Battle","fall",2021,4,"2021-04-08",120923,72,8810,3,300.443064082,3.00443064082,0.0827377974971575,-0.721101288553858
592,"COLEMAN NFH","Battle","fall",2021,4,"2021-04-08",105095,74,8810,6,300.443064082,3.00443064082,0.392855729123195,-0.721101288553858
679,"COLEMAN NFH","Battle","fall",2021,4,"2021-04-08",103437,75,8810,4,300.443064082,3.00443064082,0.547914694936214,-0.721101288553858
691,"COLEMAN NFH","Battle","fall",2021,4,"2021-04-08",214545,75,8810,10,300.443064082,3.00443064082,0.547914694936214,-0.721101288553858
726,"COLEMAN NFH","Battle","fall",2021,4,"2021-04-08",112456,76,8810,2,300.443064082,3.00443064082,0.702973660749233,-0.721101288553858
730,"COLEMAN NFH","Battle","fall",2021,4,"2021-04-08",117589,75,8810,6,300.443064082,3.00443064082,0.547914694936214,-0.721101288553858
735,"COLEMAN NFH","Battle","fall",2021,4,"2021-04-08",109411,75,8810,4,300.443064082,3.00443064082,0.547914694936214,-0.721101288553858
765,"COLEMAN NFH","Battle","fall",2021,4,"2021-04-08",112979,77,8810,3,300.443064082,3.00443064082,0.858032626562252,-0.721101288553858
821,"COLEMAN NFH","Battle","fall",2021,4,"2021-04-08",114008,79,8810,11,300.443064082,3.00443064082,1.16815055818829,-0.721101288553858
407,"COLEMAN NFH","Battle","fall",2022,3,"2022-03-18",106436,62,4430,0,300.443064082,3.00443064082,-1.46785186063303,-0.959216599703286
410,"COLEMAN NFH","Battle","fall",2022,3,"2022-03-18",104798,62,4430,0,300.443064082,3.00443064082,-1.46785186063303,-0.959216599703286
413,"COLEMAN NFH","Battle","fall",2022,3,"2022-03-18",111548,63,4430,0,300.443064082,3.00443064082,-1.31279289482001,-0.959216599703286
414,"COLEMAN NFH","Battle","fall",2022,3,"2022-03-18",94727,64,4430,0,300.443064082,3.00443064082,-1.15773392900699,-0.959216599703286
419,"COLEMAN NFH","Battle","fall",2022,3,"2022-03-18",104084,64,4430,0,300.443064082,3.00443064082,-1.15773392900699,-0.959216599703286
422,"COLEMAN NFH","Battle","fall",2022,3,"2022-03-15",104486,64,4430,0,300.443064082,3.00443064082,-1.15773392900699,-0.959216599703286
423,"COLEMAN NFH","Battle","fall",2022,3,"2022-03-15",121127,65,4430,0,300.443064082,3.00443064082,-1.00267496319397,-0.959216599703286
430,"COLEMAN NFH","Battle","fall",2022,3,"2022-03-18",111449,65,4430,0,300.443064082,3.00443064082,-1.00267496319397,-0.959216599703286
437,"COLEMAN NFH","Battle","fall",2022,3,"2022-03-15",83509,64,4430,0,300.443064082,3.00443064082,-1.15773392900699,-0.959216599703286
438,"COLEMAN NFH","Battle","fall",2022,3,"2022-03-18",111647,65,4430,0,300.443064082,3.00443064082,-1.00267496319397,-0.959216599703286
452,"COLEMAN NFH","Battle","fall",2022,3,"2022-03-15",96788,65,4430,0,300.443064082,3.00443064082,-1.00267496319397,-0.959216599703286
466,"COLEMAN NFH","Battle","fall",2022,3,"2022-03-31",93632,70,4430,0,300.443064082,3.00443064082,-0.22738013412888,-0.959216599703286
484,"COLEMAN NFH","Battle","fall",2022,3,"2022-03-15",100190,68,4430,0,300.443064082,3.00443064082,-0.537498065754918,-0.959216599703286
485,"COLEMAN NFH","Battle","fall",2022,3,"2022-03-15",97462,69,4430,0,300.443064082,3.00443064082,-0.382439099941899,-0.959216599703286
486,"COLEMAN NFH","Battle","fall",2022,3,"2022-03-31",99305,69,4430,0,300.443064082,3.00443064082,-0.382439099941899,-0.959216599703286
499,"COLEMAN NFH","Battle","fall",2022,3,"2022-03-31",93255,69,4430,0,300.443064082,3.00443064082,-0.382439099941899,-0.959216599703286
500,"COLEMAN NFH","Battle","fall",2022,3,"2022-03-31",104750,70,4430,0,300.443064082,3.00443064082,-0.22738013412888,-0.959216599703286
509,"COLEMAN NFH","Battle","fall",2022,3,"2022-03-31",98805,69,4430,0,300.443064082,3.00443064082,-0.382439099941899,-0.959216599703286
511,"COLEMAN NFH","Battle","fall",2022,3,"2022-03-31",92289,71,4430,0,300.443064082,3.00443064082,-0.0723211683158614,-0.959216599703286
523,"COLEMAN NFH","Battle","fall",2022,3,"2022-03-31",109034,70,4430,0,300.443064082,3.00443064082,-0.22738013412888,-0.959216599703286
431,"COLEMAN NFH","Battle","fall",2022,4,"2022-04-01",112152,66,5870,0,300.443064082,3.00443064082,-0.847615997380956,-0.88093211384594
441,"COLEMAN NFH","Battle","fall",2022,4,"2022-04-01",108401,66,5870,0,300.443064082,3.00443064082,-0.847615997380956,-0.88093211384594
460,"COLEMAN NFH","Battle","fall",2022,4,"2022-04-01",111910,67,5870,0,300.443064082,3.00443064082,-0.692557031567937,-0.88093211384594
498,"COLEMAN NFH","Battle","fall",2022,4,"2022-04-14",111124,67,5870,0,300.443064082,3.00443064082,-0.692557031567937,-0.88093211384594
557,"COLEMAN NFH","Battle","fall",2022,4,"2022-04-14",110469,72,5870,0,300.443064082,3.00443064082,0.0827377974971575,-0.88093211384594
569,"COLEMAN NFH","Battle","fall",2022,4,"2022-04-14",100433,71,5870,0,300.443064082,3.00443064082,-0.0723211683158614,-0.88093211384594
600,"COLEMAN NFH","Battle","fall",2022,4,"2022-04-14",108794,74,5870,0,300.443064082,3.00443064082,0.392855729123195,-0.88093211384594
860,"COLEMAN NFH","Battle","fall",2022,4,"2022-04-05",81179,80,5870,0,300.443064082,3.00443064082,1.32320952400131,-0.88093211384594
884,"COLEMAN NFH","Battle","fall",2022,4,"2022-04-05",82457,83,5870,0,300.443064082,3.00443064082,1.78838642144037,-0.88093211384594
382,"COLEMAN NFH","Battle","fall",2023,3,"2023-03-29",21547,75,57000,0,300.443064082,3.00443064082,0.547914694936214,1.89871077635275
389,"COLEMAN NFH","Battle","fall",2023,3,"2023-03-29",105567,69,57000,3,300.443064082,3.00443064082,-0.382439099941899,1.89871077635275
390,"COLEMAN NFH","Battle","fall",2023,3,"2023-03-29",98115,68,57000,2,300.443064082,3.00443064082,-0.537498065754918,1.89871077635275
393,"COLEMAN NFH","Battle","fall",2023,3,"2023-03-29",93118,65,57000,2,300.443064082,3.00443064082,-1.00267496319397,1.89871077635275
394,"COLEMAN NFH","Battle","fall",2023,3,"2023-03-29",83546,66,57000,3,300.443064082,3.00443064082,-0.847615997380956,1.89871077635275
370,"COLEMAN NFH","Battle","fall",2023,4,"2023-04-24",106958,80,13600,0,300.443064082,3.00443064082,1.32320952400131,-0.460696644625602
371,"COLEMAN NFH","Battle","fall",2023,4,"2023-04-24",229694,77,13600,1,300.443064082,3.00443064082,0.858032626562252,-0.460696644625602
372,"COLEMAN NFH","Battle","fall",2023,4,"2023-04-24",227712,78,13600,0,300.443064082,3.00443064082,1.01309159237527,-0.460696644625602
373,"COLEMAN NFH","Battle","fall",2023,4,"2023-04-24",98736,80,13600,0,300.443064082,3.00443064082,1.32320952400131,-0.460696644625602
374,"COLEMAN NFH","Battle","fall",2023,4,"2023-04-25",109803,70,13600,0,300.443064082,3.00443064082,-0.22738013412888,-0.460696644625602
375,"COLEMAN NFH","Battle","fall",2023,4,"2023-04-25",110705,74,13600,0,300.443064082,3.00443064082,0.392855729123195,-0.460696644625602
376,"COLEMAN NFH","Battle","fall",2023,4,"2023-04-25",109092,76,13600,1,300.443064082,3.00443064082,0.702973660749233,-0.460696644625602
377,"COLEMAN NFH","Battle","fall",2023,4,"2023-04-24",100413,77,13600,0,300.443064082,3.00443064082,0.858032626562252,-0.460696644625602
378,"COLEMAN NFH","Battle","fall",2023,4,"2023-04-24",87102,79,13600,0,300.443064082,3.00443064082,1.16815055818829,-0.460696644625602
379,"COLEMAN NFH","Battle","fall",2023,4,"2023-04-25",111037,71,13600,0,300.443064082,3.00443064082,-0.0723211683158614,-0.460696644625602
380,"COLEMAN NFH","Battle","fall",2023,4,"2023-04-24",115869,72,13600,0,300.443064082,3.00443064082,0.0827377974971575,-0.460696644625602
381,"COLEMAN NFH","Battle","fall",2023,4,"2023-04-25",116662,73,13600,0,300.443064082,3.00443064082,0.237796763310176,-0.460696644625602
383,"COLEMAN NFH","Battle","fall",2023,4,"2023-04-25",104016,68,13600,0,300.443064082,3.00443064082,-0.537498065754918,-0.460696644625602
384,"COLEMAN NFH","Battle","fall",2023,4,"2023-04-25",115271,70,13600,0,300.443064082,3.00443064082,-0.22738013412888,-0.460696644625602
385,"COLEMAN NFH","Battle","fall",2023,4,"2023-04-24",82947,73,13600,0,300.443064082,3.00443064082,0.237796763310176,-0.460696644625602
386,"COLEMAN NFH","Battle","fall",2023,4,"2023-04-25",101552,69,13600,0,300.443064082,3.00443064082,-0.382439099941899,-0.460696644625602
387,"COLEMAN NFH","Battle","fall",2023,4,"2023-04-25",210561,70,13600,0,300.443064082,3.00443064082,-0.22738013412888,-0.460696644625602
388,"COLEMAN NFH","Battle","fall",2023,4,"2023-04-25",105112,67,13600,0,300.443064082,3.00443064082,-0.692557031567937,-0.460696644625602
391,"COLEMAN NFH","Battle","fall",2023,4,"2023-04-25",96224,70,13600,1,300.443064082,3.00443064082,-0.22738013412888,-0.460696644625602
392,"COLEMAN NFH","Battle","fall",2023,5,"2023-05-04",77121,74,18000,0,300.443064082,3.00443064082,0.392855729123195,-0.221494048950377
395,"COLEMAN NFH","Battle","fall",2023,5,"2023-05-04",80104,70,18000,0,300.443064082,3.00443064082,-0.22738013412888,-0.221494048950377
516,"COLEMAN NFH","Battle","fall",2024,3,"2024-03-21",78760,71,36200,14,300.443064082,3.00443064082,-0.0723211683158614,0.767934869524418
522,"COLEMAN NFH","Battle","fall",2024,3,"2024-03-21",105172,69,36200,19,300.443064082,3.00443064082,-0.382439099941899,0.767934869524418
551,"COLEMAN NFH","Battle","fall",2024,3,"2024-03-27",99211,71,36200,8,300.443064082,3.00443064082,-0.0723211683158614,0.767934869524418
579,"COLEMAN NFH","Battle","fall",2024,3,"2024-03-21",92517,73,36200,13,300.443064082,3.00443064082,0.237796763310176,0.767934869524418
595,"COLEMAN NFH","Battle","fall",2024,3,"2024-03-21",93154,72,36200,12,300.443064082,3.00443064082,0.0827377974971575,0.767934869524418
614,"COLEMAN NFH","Battle","fall",2024,3,"2024-03-27",94138,75,36200,11,300.443064082,3.00443064082,0.547914694936214,0.767934869524418
657,"COLEMAN NFH","Battle","fall",2024,3,"2024-03-21",73864,74,36200,7,300.443064082,3.00443064082,0.392855729123195,0.767934869524418
698,"COLEMAN NFH","Battle","fall",2024,3,"2024-03-21",92924,76,36200,9,300.443064082,3.00443064082,0.702973660749233,0.767934869524418
699,"COLEMAN NFH","Battle","fall",2024,3,"2024-03-27",89138,76,36200,14,300.443064082,3.00443064082,0.702973660749233,0.767934869524418
719,"COLEMAN NFH","Battle","fall",2024,3,"2024-03-21",96749,74,36200,12,300.443064082,3.00443064082,0.392855729123195,0.767934869524418
736,"COLEMAN NFH","Battle","fall",2024,3,"2024-03-21",71531,76,36200,7,300.443064082,3.00443064082,0.702973660749233,0.767934869524418
763,"COLEMAN NFH","Battle","fall",2024,3,"2024-03-27",104449,76,36200,23,300.443064082,3.00443064082,0.702973660749233,0.767934869524418
503,"COLEMAN NFH","Battle","fall",2024,4,"2024-04-12",107147,72,15200,7,300.443064082,3.00443064082,0.0827377974971575,-0.373713882561883
629,"COLEMAN NFH","Battle","fall",2024,4,"2024-04-12",101841,75,15200,7,300.443064082,3.00443064082,0.547914694936214,-0.373713882561883
676,"COLEMAN NFH","Battle","fall",2024,4,"2024-04-12",95706,77,15200,6,300.443064082,3.00443064082,0.858032626562252,-0.373713882561883
767,"COLEMAN NFH","Battle","fall",2024,4,"2024-04-12",98402,76,15200,9,300.443064082,3.00443064082,0.702973660749233,-0.373713882561883
807,"COLEMAN NFH","Battle","fall",2024,4,"2024-04-12",91929,77,15200,8,300.443064082,3.00443064082,0.858032626562252,-0.373713882561883
861,"COLEMAN NFH","Battle","fall",2024,4,"2024-04-12",103216,79,15200,4,300.443064082,3.00443064082,1.16815055818829,-0.373713882561883
881,"COLEMAN NFH","Battle","fall",2024,4,"2024-04-12",89487,81,15200,7,300.443064082,3.00443064082,1.47826848981433,-0.373713882561883
