"group_index","release_group_id","year","month","release_location_name","relloc_area","mean","sd","2.5%","50%","97.5%","n_eff","Rhat"
1,2259,1994,3,"SAC R BEL RBDD","RBDD",19.1703607452554,5.36023758699031,10.4403774177519,18.5154184192688,30.6188337897784,1081.30049412382,1.00021462039598
2,2260,1994,3,"SAC R BEL RBDD","RBDD",19.2045834397631,5.74423969293462,10.349438159827,18.2121412958104,32.6023321721475,1170.25708690217,1.00112576440451
3,432,1994,4,"COLEMAN NFH","Battle",12.4225416629721,3.2669452011587,7.32974780718123,11.9877596720308,19.9455569435771,1860.00461334487,1.00043628135624
4,560,1994,4,"COLEMAN NFH","Battle",9.90466029161133,2.52416283643841,5.94183177752421,9.59104916427897,15.8171690377612,2005.22802023111,1.00019249979597
5,790,1994,4,"COLEMAN NFH","Battle",8.27157531039957,2.21091655276202,4.71797722544091,7.9829477248819,13.3388299603486,1191.15410866579,0.999338047286761
6,474,1996,3,"COLEMAN NFH","Battle",11.908917084653,3.16320263207622,6.92920127514648,11.567497756914,19.694727971438,1334.04748744603,1.00119897707589
7,477,1996,3,"COLEMAN NFH","Battle",10.4049413916076,2.73918815591547,5.89492460553098,10.0786122780347,16.8441045646563,1849.29749377553,0.999694365839885
8,667,1996,4,"COLEMAN NFH","Battle",7.5549017854432,2.09393939076791,4.17515115970725,7.2706295559572,12.5890199333192,1632.64851332223,1.00025152422764
9,411,1997,4,"COLEMAN NFH","Battle",16.3097587696379,4.37120104924382,9.45912466440752,15.7085388971326,26.1187939248989,1382.40078397803,1.00208188529914
10,456,1997,4,"COLEMAN NFH","Battle",13.8051255684023,3.68024243913622,8.12125602509285,13.2974316627288,22.3455822171512,1240.25772522808,1.00265513201204
11,506,1997,4,"COLEMAN NFH","Battle",11.2371920933351,2.96833759758776,6.64007021910295,10.7901024326962,17.924027909946,1407.80592788381,0.998300274659433
12,552,1997,4,"COLEMAN NFH","Battle",11.2917783798671,3.0969339572286,6.42174844572638,10.8864781609638,18.5000413652424,1731.12036469397,1.00001128799771
13,556,1997,4,"COLEMAN NFH","Battle",9.88437380631433,2.60108854093223,5.82637489481302,9.53920052201414,15.828711100045,1676.19117921674,1.00003685522607
14,558,1997,4,"COLEMAN NFH","Battle",10.4132995724257,2.61870034820012,6.18289635915152,10.0657454071037,16.3761700187173,1814.20825933868,0.99987334315857
15,563,1997,4,"COLEMAN NFH","Battle",10.9337280360823,2.79883685191172,6.42319746000774,10.6694738194553,17.4692668162607,2098.71990058018,0.998510531692964
16,603,1997,4,"COLEMAN NFH","Battle",10.5124967147776,2.90174320474022,5.97852400458843,10.1422067924518,17.391637104097,1849.60854667962,1.00061530012792
17,604,1997,4,"COLEMAN NFH","Battle",10.8910187843405,2.9681039432199,6.39571625712852,10.4201233171844,18.1699185244537,1743.46162383387,0.998903414200628
18,645,1997,4,"COLEMAN NFH","Battle",9.78284287913655,2.56157297626704,5.87409492892692,9.34192708316817,15.7585263189548,1972.36131350431,0.999798903305516
19,646,1997,4,"COLEMAN NFH","Battle",9.45242582555563,2.48651653550437,5.38473558110224,9.22591036581709,15.0221416795893,1951.2877195936,0.998638946570484
20,648,1997,4,"COLEMAN NFH","Battle",10.1969802327174,2.71727924535602,5.78369796166439,9.82401983275438,16.2843582386747,1614.73334623364,1.00021428354858
21,655,1997,4,"COLEMAN NFH","Battle",10.4639675825699,2.87530596206076,5.91409089784179,10.1111029436893,17.2309710863866,2467.9866653036,0.998189517292534
22,695,1997,4,"COLEMAN NFH","Battle",9.43898169646378,2.53490233852875,5.43581431209271,9.07795557530949,15.1772108672607,2212.21688674166,0.999111920667142
23,701,1997,4,"COLEMAN NFH","Battle",9.45821918167875,2.46694878056782,5.53731714202709,9.18657487125238,15.3579000704361,1530.97892532773,0.999470848948903
24,780,1997,4,"COLEMAN NFH","Battle",9.1917204820977,2.55874911803285,5.15421500862858,8.91445243072932,15.3086710835931,1615.66666843694,0.999218028483492
25,789,1997,4,"COLEMAN NFH","Battle",9.18201298249565,2.34519670519017,5.41899171980958,8.87661441169768,14.6572901492413,2380.3883186374,0.998511184625656
26,803,1997,4,"COLEMAN NFH","Battle",9.13029834658415,2.30200611166177,5.31996911721427,8.93687948416973,14.3722971951115,2038.58671037122,0.998296964007162
27,806,1997,4,"COLEMAN NFH","Battle",9.53711120759104,2.54195907427985,5.53354346462157,9.19422313198029,15.3952254896742,1560.89177112391,1.00084322218088
28,824,1997,4,"COLEMAN NFH","Battle",8.75400738901779,2.34088278075451,5.02346040536584,8.50503631519832,14.2404460884391,1971.57601086424,0.999852377695927
29,825,1997,4,"COLEMAN NFH","Battle",9.11837580766788,2.42496631479462,5.22602454165282,8.81714398615748,14.6423287398225,1987.39289628866,1.00111037110226
30,867,1997,4,"COLEMAN NFH","Battle",8.55882219746365,2.23577243118866,5.00680665126448,8.29375300212917,13.5291526739336,1831.67738396468,0.998537108513945
31,868,1997,4,"COLEMAN NFH","Battle",9.09507756604719,2.42931327835019,5.32102377306807,8.73796522146488,14.794652994215,1866.70915149927,1.00362396882551
32,624,1997,5,"COLEMAN NFH","Battle",9.72701113608718,2.58552762401547,5.59116643189748,9.40704421193453,15.5762959125637,1952.92715643592,0.999867050815156
33,776,1997,5,"COLEMAN NFH","Battle",9.10940326133019,2.30815817471351,5.30822103632687,8.89763760511682,14.2923385411782,1493.71632945279,0.999832296312959
34,400,1998,3,"COLEMAN NFH","Battle",17.791927533205,4.75441471367089,10.2774148149716,17.1448813908101,28.9065028845994,1476.35342232676,1.00112918661748
35,403,1998,3,"COLEMAN NFH","Battle",14.7105617158052,4.09397298951658,8.49437449860557,14.0968612594712,24.4935604250526,1419.53311518353,1.00011267840575
36,405,1998,3,"COLEMAN NFH","Battle",16.215215957822,4.42406911305553,9.43302798936502,15.6700852562672,25.8743922306295,2201.46023720456,0.998441734123096
37,406,1998,3,"COLEMAN NFH","Battle",15.0300868029291,3.73389470267636,8.96509917344933,14.6631665567922,23.4349865504102,1573.86320774489,0.999880888083818
38,408,1998,3,"COLEMAN NFH","Battle",14.5593308727402,4.01416286777073,8.13115789451269,13.9400583151754,23.5996305405782,1426.92472085269,0.998583708389386
39,409,1998,3,"COLEMAN NFH","Battle",14.9800694802621,4.14976762495354,8.34854180771769,14.5332675493758,24.4641565393219,1591.38758389677,0.999275430254481
40,417,1998,3,"COLEMAN NFH","Battle",13.0981928492913,3.38793582871485,7.64688730719102,12.7697256161643,20.5285598679552,2077.17219508042,0.998425366926818
41,425,1998,3,"COLEMAN NFH","Battle",13.6596798482309,3.53792772211905,7.93755671190586,13.2975441035996,22.2459909027885,1486.06694514493,1.00065428514808
42,447,1998,3,"COLEMAN NFH","Battle",11.8914489554796,3.18711213999757,6.77496605711642,11.4346521017653,19.1732770704338,1497.15679873473,0.998385950760493
43,448,1998,3,"COLEMAN NFH","Battle",12.1571470434133,3.32499230545739,7.0376752470972,11.7273615692695,19.8791993173674,1751.34205770346,1.00026521658683
44,455,1998,3,"COLEMAN NFH","Battle",11.4136764458751,3.02703684996423,6.62911863601237,11.0204696580323,18.3421498586767,1594.04841659923,0.998624184310428
45,457,1998,3,"COLEMAN NFH","Battle",11.7981027476824,3.24206403930974,6.51299919124919,11.3817918715887,19.3956805223291,1488.95592606664,1.00149454407758
46,471,1998,3,"COLEMAN NFH","Battle",10.7032935538014,2.82987902205149,6.0502342428963,10.4571760365228,16.8695239683515,1861.21182434591,0.998219054990536
47,401,1998,4,"COLEMAN NFH","Battle",16.8477412849464,4.4925766276589,9.69855158662329,16.2752629563655,27.2318011656073,1056.64898694551,1.00657382767132
48,402,1998,4,"COLEMAN NFH","Battle",15.6312105938882,4.20773567964793,8.93106335115537,15.0518055014726,25.4655742805397,1315.53615429402,1.00089239175175
49,467,1998,4,"COLEMAN NFH","Battle",11.5492169421896,3.01302817311736,7.03365792230544,11.138175365452,18.5416805862226,1447.51768621048,1.00133080995794
50,468,1998,4,"COLEMAN NFH","Battle",12.4547014062757,3.33411546693283,7.49181070936786,11.9685971952538,20.2472653413219,1770.61421635067,1.00001122497197
51,475,1998,4,"COLEMAN NFH","Battle",11.9136632289785,3.28372858249014,6.84442049447739,11.4219133656511,19.5672426219321,1932.70796535394,0.998571405798946
52,481,1998,4,"COLEMAN NFH","Battle",11.657497788613,3.15902863404738,6.67993871208871,11.2706808167397,18.6247462978684,1670.10670068108,0.998864927480508
53,482,1998,4,"COLEMAN NFH","Battle",11.0989438863187,3.09108980203104,6.33233070816859,10.6900787227981,18.0244531597439,1920.65854102201,0.998612986077039
54,495,1998,4,"COLEMAN NFH","Battle",10.7445976662844,2.70838058484522,6.21930992542388,10.4460774489938,16.8520747849602,1771.82743219712,1.00019514398968
55,496,1998,4,"COLEMAN NFH","Battle",10.3840389678916,2.77539787021001,6.13900587322067,10.1031907501843,16.913414255343,1555.86322087017,0.99851124389331
56,529,1998,4,"COLEMAN NFH","Battle",9.73094981173599,2.5149295102138,5.81543159471688,9.39365681467025,15.5071815908957,1569.89923006803,0.998681042761833
57,532,1998,4,"COLEMAN NFH","Battle",10.0520455921194,2.73056969560945,5.8471513588575,9.71738120800107,16.3865470356572,1574.2927227025,1.00149759206461
58,559,1998,4,"COLEMAN NFH","Battle",9.51958860321364,2.59739453492218,5.42796464367891,9.19705867708129,15.5102842985093,1628.09663467062,0.998883107033944
59,561,1998,4,"COLEMAN NFH","Battle",9.38699349577874,2.38920524558952,5.46313555359989,9.16443103291114,14.9088620775493,1934.93332791473,1.00069111349351
60,572,1998,4,"COLEMAN NFH","Battle",9.05154168871895,2.31728212469505,5.34852850002154,8.76943747152022,14.5642068690897,2362.91265293581,0.999435962143445
61,412,1999,3,"COLEMAN NFH","Battle",14.6664295647146,3.87194195590094,8.54508433626851,14.1251444929032,23.2110303919305,1727.48586153509,0.999207712694696
62,404,1999,4,"COLEMAN NFH","Battle",14.7831689817594,3.95813767673972,8.47313650173064,14.2877831465188,24.4195693959889,1720.64604609843,1.00027634346835
63,420,1999,4,"COLEMAN NFH","Battle",12.8673508023389,3.35773257410259,7.49234063324418,12.4415337296769,20.3617606722811,1836.67519433585,0.999670046359738
64,433,1999,4,"COLEMAN NFH","Battle",12.913340311079,3.50467357565471,7.48470006287773,12.2811534042092,20.878127311152,1735.75493862175,1.00115919304102
65,446,1999,4,"COLEMAN NFH","Battle",10.6801755995088,2.80198120445215,6.23626102100734,10.3628866282926,16.7119538766529,1772.02248890224,0.999621167207355
66,461,1999,4,"COLEMAN NFH","Battle",12.048624249673,3.1853298207902,7.01090889000041,11.6771924034539,19.1804148407714,2041.54401777117,0.998825031821312
67,472,1999,4,"COLEMAN NFH","Battle",10.9221975431161,3.0044371744759,6.13794370737233,10.6123528093046,17.5401198936032,1962.11492565733,0.99844646280212
68,476,1999,4,"COLEMAN NFH","Battle",10.9133486901872,2.85710737127861,6.3708138616323,10.5334078765535,17.4357091633758,1819.92951512645,0.999104218242199
69,483,1999,4,"COLEMAN NFH","Battle",10.8440275505158,2.79096274347873,6.3662363646463,10.4988883710428,17.2795813427067,1533.77239195928,0.999931794825273
70,490,1999,4,"COLEMAN NFH","Battle",10.4898042726387,2.73849911272552,6.15789241059236,10.1399240528224,16.7951310877134,2402.2067081569,0.999490600817315
71,502,1999,4,"COLEMAN NFH","Battle",10.4782707417066,2.78734309227272,5.91765198889331,10.1750292918069,17.1643869673224,2423.30752296757,1.00015055581153
72,504,1999,4,"COLEMAN NFH","Battle",10.4888488453703,2.72762729372812,6.18357635675428,10.0880214263,17.2156044666768,1319.83297606359,1.00020470139731
73,528,1999,4,"COLEMAN NFH","Battle",9.818837469594,2.6794354636685,5.73005974218609,9.47047602190277,16.765024551189,1979.76770290126,0.998788866352205
74,539,1999,4,"COLEMAN NFH","Battle",10.071668370866,2.54379078237219,5.80295791706351,9.77375578938004,15.7637450199948,2573.01968910035,0.998511426733064
75,554,1999,4,"COLEMAN NFH","Battle",9.82188552584566,2.61834967393718,5.69525136858213,9.55247978213805,15.5617260640692,1762.19943155271,0.998432655032879
76,562,1999,4,"COLEMAN NFH","Battle",9.42204210553737,2.53929357287758,5.45554405379605,9.1220118719854,14.8110107595255,1735.21176090783,0.999975861296972
77,565,1999,4,"COLEMAN NFH","Battle",9.1268291283609,2.43203627085189,5.2852377196454,8.87032766968575,14.7530137812194,2178.91071048812,0.998626626406848
78,576,1999,4,"COLEMAN NFH","Battle",9.41119344651187,2.53028353473288,5.55052603848667,9.00281008592761,15.5605246713765,1985.62920409187,0.999262128382898
79,582,1999,4,"COLEMAN NFH","Battle",9.22035431430224,2.3817008305874,5.39632214602379,8.97287225643335,14.6050324599082,1673.72737982189,1.00162306868713
80,612,1999,4,"COLEMAN NFH","Battle",8.74391554988955,2.33244361288742,5.13586669135416,8.39808247131616,13.9937793409996,1778.69214270041,0.998879774076352
81,681,1999,4,"COLEMAN NFH","Battle",8.5396859033296,2.23839717947403,4.94142058903999,8.23865098124761,13.5665759210583,1512.15539056374,0.999187286378791
82,727,1999,4,"COLEMAN NFH","Battle",8.28825446184864,2.16559496453979,4.95658290811165,8.00060998059798,13.0155288837286,1611.70980207391,1.00005481932762
83,737,1999,4,"COLEMAN NFH","Battle",7.710276860758,2.04565684288403,4.47016516386549,7.46335661783358,12.4907830101621,1988.14326057307,1.00168876965532
84,778,1999,4,"COLEMAN NFH","Battle",7.70577260185733,2.10836677183506,4.47065163905654,7.41547596812134,12.4881868153396,1844.74264451451,0.999152232502128
85,788,1999,4,"COLEMAN NFH","Battle",7.6518125267268,1.91404805310544,4.43538461427824,7.45583152749113,12.0484675290883,1422.23585113645,0.999086150646298
86,2275,2000,3,"SAC R BEL RBDD","RBDD",11.8616272603172,2.68268758288677,7.61686302373279,11.4985033424767,17.8908553276391,1483.96640560833,1.00061218309795
87,2276,2000,3,"SAC R BEL RBDD","RBDD",15.5284142959003,3.46440300748272,9.88084108228706,15.077365537427,23.5439185898822,1669.34895398263,0.999619228117447
88,680,2000,4,"COLEMAN NFH","Battle",7.44711029057787,1.36785503664134,5.13204055020335,7.37633539930412,10.3487020388823,1866.26758712109,0.998381738578599
89,714,2000,4,"COLEMAN NFH","Battle",8.53368048077929,2.3035089227084,4.83961660575926,8.28115213059685,13.9109436394691,2146.24572922363,0.999600259638019
90,715,2000,4,"COLEMAN NFH","Battle",7.33608710222537,1.56561347187299,4.69999878333218,7.17531798038897,10.6212120473143,1277.43497836031,0.999090862986995
91,717,2000,4,"COLEMAN NFH","Battle",7.94320064442418,1.72702706058616,5.07434481846148,7.74845372337123,11.625878193117,1890.87358159702,0.99953875999492
92,724,2000,4,"COLEMAN NFH","Battle",6.68054080704209,1.16850060061247,4.66249778372029,6.59443796088136,9.16546745714423,2284.30962441955,0.998980846256936
93,732,2000,4,"COLEMAN NFH","Battle",8.28656216497205,1.83160725033445,5.2607643324267,8.07003595887994,12.425552666494,1927.81019014359,0.999885461826931
94,755,2000,4,"COLEMAN NFH","Battle",7.97147478917521,2.20220312085678,4.63632142719529,7.70120722912674,13.3841813628605,1765.60544468859,0.9999562048704
95,764,2000,4,"COLEMAN NFH","Battle",7.33419372251647,1.42798570807412,4.85409897590091,7.22355077609049,10.4685047132561,1761.28678924583,0.998889412714339
96,779,2000,4,"COLEMAN NFH","Battle",7.36479185448892,1.58433993043576,4.70235332285501,7.19586123272535,10.8775294489338,2335.95439790338,0.999744666505493
97,786,2000,4,"COLEMAN NFH","Battle",7.36428290163524,1.59251201398286,4.69847262361686,7.18166126524715,10.948011829886,1625.98040805749,0.99854991608508
98,795,2000,4,"COLEMAN NFH","Battle",8.19175021218617,2.16130490254825,4.79089136868113,7.97032538429659,13.0182871510115,1474.70924473144,1.00014033934062
99,797,2000,4,"COLEMAN NFH","Battle",7.49102098119313,1.65862337639901,4.77171281872566,7.30996571571401,11.3029254777681,1747.07358589733,1.00060706794166
100,804,2000,4,"COLEMAN NFH","Battle",8.19950256022422,2.10517408370519,4.95909359650099,7.92407329291627,13.0007108956195,1888.92361418905,1.00159275104335
101,810,2000,4,"COLEMAN NFH","Battle",7.99756730389767,2.10840637747298,4.58902330361853,7.77415721143696,12.7450952117293,1809.00629833064,0.998837055471113
102,814,2000,4,"COLEMAN NFH","Battle",7.32723795791213,1.18185426534424,5.31318847266544,7.23879346319016,9.80396150696067,1920.57487817377,0.999890406482853
103,831,2000,4,"COLEMAN NFH","Battle",7.59632756748194,1.49349429112125,5.07987360911941,7.47577830626262,10.8635137243727,1521.84692691392,0.999353081599532
104,833,2000,4,"COLEMAN NFH","Battle",7.91863566870454,2.03994183203248,4.78149387290106,7.68361255825236,12.3899825248823,1927.38749331822,0.999340068876992
105,838,2000,4,"COLEMAN NFH","Battle",8.32830913091214,2.28160567559473,4.77254036439159,8.01941794458256,13.7159802310411,1400.51301018068,0.999682483901111
106,841,2000,4,"COLEMAN NFH","Battle",5.64410391544845,1.3081216358984,3.47659511997984,5.51719894312114,8.5688595722319,2015.35478021471,0.999366128540626
107,850,2000,4,"COLEMAN NFH","Battle",8.00701905372694,2.14261076939122,4.57926034687293,7.74021996265313,12.8958976078176,1647.27972059486,0.999685906854608
108,855,2000,4,"COLEMAN NFH","Battle",6.8546813419501,1.2253456129517,4.8135310458662,6.7592029970045,9.63651638893701,1854.32008502379,0.99925073857034
109,856,2000,4,"COLEMAN NFH","Battle",8.16514767384147,1.95756520776617,4.95571647853848,7.93035852478835,12.7290979611583,1642.90118681924,1.00089266631266
110,863,2000,4,"COLEMAN NFH","Battle",7.72382533420084,2.14644180769105,4.38426335452787,7.47727912579773,12.9607041005126,1617.94163167882,0.999280092588991
111,2774,2001,2,"SAC R RED BLUFF DIV DAM","RBDD",20.4283458025572,5.79640484719148,11.5893473162538,19.6213441473374,33.8746732594589,1125.22191927566,1.00732204344634
112,2775,2001,3,"SAC R RED BLUFF DIV DAM","RBDD",17.627565865931,4.73875297223425,10.2811341852485,16.9810360655035,29.0196522267818,1114.32251931622,1.00332898629932
113,190,2001,4,"BATTLE CREEK BELOW CNFH","Battle",12.2659202882823,1.01641016960217,10.4086118967564,12.2421962735884,14.2859937337655,2234.54621259451,0.999156563606904
114,191,2001,4,"BATTLE CREEK BELOW CNFH","Battle",11.1507412476101,0.740903469010436,9.75271442566506,11.1272655507695,12.664083090941,2485.33040726307,0.999351145673714
115,192,2001,4,"BATTLE CREEK BELOW CNFH","Battle",10.8922362560263,1.01724562888971,9.05504089973299,10.8484494841796,13.0250238403056,1726.6261449778,0.999849325913059
116,193,2001,4,"BATTLE CREEK BELOW CNFH","Battle",11.6285544608052,1.34745912600911,9.18159331061636,11.5322543482551,14.4156994463848,2183.17249916051,0.998829536485339
117,194,2001,4,"BATTLE CREEK BELOW CNFH","Battle",12.3424935059905,1.1968561687505,10.1302453331122,12.2911198593398,14.8328709859931,1953.24624384641,0.999186595716331
118,195,2001,4,"BATTLE CREEK BELOW CNFH","Battle",10.4483613017664,0.932589316887888,8.7301276256096,10.4216045304519,12.3826173112587,2089.76204171158,0.998645331546366
119,196,2001,4,"BATTLE CREEK BELOW CNFH","Battle",10.1173710208,0.930923716020265,8.36685209273203,10.0571124803701,12.0924063396248,2257.13668712326,0.999823087728568
120,197,2001,4,"BATTLE CREEK BELOW CNFH","Battle",10.7777173160491,0.880208400420581,9.16321263421014,10.7279327545508,12.5612146299145,1644.38603385582,0.999970240778138
121,198,2001,4,"BATTLE CREEK BELOW CNFH","Battle",10.971650648678,1.10290399164685,8.92654408486858,10.9368585617868,13.2313323223362,1890.85625317553,0.999428596161614
122,199,2001,4,"BATTLE CREEK BELOW CNFH","Battle",12.0050298406638,1.23461025310928,9.80976810143264,11.9040833484253,14.6881121009208,2164.127408937,0.998624418963676
123,200,2001,4,"BATTLE CREEK BELOW CNFH","Battle",11.5749361754192,1.02714773485454,9.6890668668204,11.5339087179054,13.6578301861901,1785.74446918483,1.00001261862582
124,201,2001,4,"BATTLE CREEK BELOW CNFH","Battle",11.9139902720517,1.4253369468573,9.34893608106741,11.8791281403206,14.9231687845836,2544.62981946511,0.999165726779248
125,202,2001,4,"BATTLE CREEK BELOW CNFH","Battle",10.177299064938,1.35831068756617,7.78660763334742,10.1133077474348,13.0288158810286,2251.9206676676,0.998992670326079
126,203,2001,4,"BATTLE CREEK BELOW CNFH","Battle",11.8782189449749,1.33383309145807,9.51785559985638,11.8241531166196,14.7112326972177,2269.08176048291,0.998808471687934
127,204,2001,4,"BATTLE CREEK BELOW CNFH","Battle",10.0594911361326,0.979282204658421,8.29399000801429,10.0253688327256,12.1216836560084,1666.08972982141,0.999339312848696
128,205,2001,4,"BATTLE CREEK BELOW CNFH","Battle",12.1996091891999,1.66929069883319,9.29054352311831,12.0584475110662,15.851023685997,1889.1794932663,0.998581323082836
129,206,2001,4,"BATTLE CREEK BELOW CNFH","Battle",10.475357962056,1.02455374923349,8.62417814510111,10.3976510574835,12.5999756699642,2297.9400354671,0.998801364856448
130,207,2001,4,"BATTLE CREEK BELOW CNFH","Battle",13.5071266628518,1.4671449854269,10.9651040620917,13.3903295405885,16.5393426043197,2203.494543167,0.998283762056517
131,208,2001,4,"BATTLE CREEK BELOW CNFH","Battle",9.22477595546474,0.97812291590131,7.4497137995823,9.18001411984385,11.1688696121951,2509.2135433209,0.99855607216983
132,209,2001,4,"BATTLE CREEK BELOW CNFH","Battle",9.56707131054195,1.15503617066947,7.53820668665281,9.48609150211544,11.9022613910056,2074.35508947502,0.998992255923927
133,210,2001,4,"BATTLE CREEK BELOW CNFH","Battle",9.3259707028764,0.688613790745103,8.06495771313995,9.2975303909464,10.7539913330617,2479.24568156341,0.999027334607808
134,211,2001,4,"BATTLE CREEK BELOW CNFH","Battle",11.1273493949437,0.96411309621385,9.36214899216396,11.0815827978586,13.0378117699346,1971.69244670156,0.999748923734702
135,212,2001,4,"BATTLE CREEK BELOW CNFH","Battle",9.86144935108452,1.1357673187456,7.85077625852989,9.78393612993272,12.2169192572179,2214.80107828201,1.00091117072148
136,2786,2002,2,"SAC R RED BLUFF DIV DAM","RBDD",4.58434811415207,0.475348409554908,3.70662934282751,4.57599751337571,5.60270256579503,2339.97011989892,0.999762817084145
137,2788,2002,3,"SAC R RED BLUFF DIV DAM","RBDD",22.6953665088379,3.15887248401887,17.3479548852478,22.4321130070567,29.6799691387592,1813.57806736811,1.00132495708199
138,505,2002,4,"COLEMAN NFH","Battle",14.7716553587284,1.84296598659169,11.5054848884816,14.6465334132067,18.6784686127793,2130.06040870334,0.998487305291505
139,525,2002,4,"COLEMAN NFH","Battle",12.9673390607737,2.40600488655879,8.87745455873698,12.758645167814,18.1810375034368,2369.74344001089,0.999185443693326
140,526,2002,4,"COLEMAN NFH","Battle",14.3141382627897,1.52191012033946,11.441679551219,14.2549353015684,17.5443053487504,2416.57063498986,0.999796396716845
141,549,2002,4,"COLEMAN NFH","Battle",10.8647713826728,1.47286668954624,8.2907955307915,10.7562749428204,13.87972673795,2113.95104237332,0.998821415203256
142,593,2002,4,"COLEMAN NFH","Battle",12.1222245584749,1.79694661045636,9.02397855569776,11.9414004742638,16.2698494090765,1821.34294307002,0.999073150170012
143,652,2002,4,"COLEMAN NFH","Battle",6.75030332424807,0.89411517215048,5.21604420056919,6.67505593100231,8.76265974123759,1962.29877045339,0.99972234477368
144,656,2002,4,"COLEMAN NFH","Battle",10.7065383371152,1.40358699540242,8.20460971827489,10.610412051216,13.7447376549376,1667.39217868197,0.999281854191108
145,659,2002,4,"COLEMAN NFH","Battle",7.2642902338652,1.0488313897691,5.45486049987569,7.14983128764298,9.57494526587419,2173.53716602429,1.00016914446903
146,675,2002,4,"COLEMAN NFH","Battle",7.00831369983505,0.827215318461914,5.51689252415936,6.96150362508135,8.86132940187649,1874.93514922022,1.00027503113515
147,692,2002,4,"COLEMAN NFH","Battle",6.86677536200967,0.839823065868823,5.42355076146249,6.79639512246475,8.78346166550322,2275.4306887592,0.998737272021019
148,693,2002,4,"COLEMAN NFH","Battle",8.53056983798085,0.934813074579605,6.86796660474028,8.48284960201934,10.491007440321,2517.22121367238,0.999292196885051
149,696,2002,4,"COLEMAN NFH","Battle",7.5778572908134,0.733899501761152,6.24968847260507,7.54059004807252,9.10857273018063,1605.33799775688,1.00120272707453
150,718,2002,4,"COLEMAN NFH","Battle",10.1978973831611,1.5597337109046,7.52030950173551,10.1167023072566,13.4440256035745,1784.30624796259,1.00061813719966
151,733,2002,4,"COLEMAN NFH","Battle",7.91756026555222,1.19075568877563,5.88395449293188,7.80350885320215,10.4796091574229,1855.15268638666,0.999853513645732
152,756,2002,4,"COLEMAN NFH","Battle",6.88617842258413,0.88557439342063,5.3161438758883,6.83679295661676,8.77714039824883,1842.37448992192,1.00047968660824
153,762,2002,4,"COLEMAN NFH","Battle",6.72886897806781,0.877984119793279,5.19859716344501,6.65363010107538,8.58162513149788,2173.3257130349,0.999371491341925
154,770,2002,4,"COLEMAN NFH","Battle",8.77497017784622,1.42016068126186,6.33092714716458,8.67825997735567,11.8996342239375,1698.96711921079,0.999402656731527
155,777,2002,4,"COLEMAN NFH","Battle",7.11436191558872,0.817002343573654,5.64716256441854,7.04068110091942,8.86179326342848,2068.80392985994,0.998648183619986
156,781,2002,4,"COLEMAN NFH","Battle",7.56788883113159,1.24943529122248,5.46751678710815,7.43747564819877,10.3578496514568,1989.56398594325,0.99993333310491
157,784,2002,4,"COLEMAN NFH","Battle",7.57141550542792,0.906928129704794,5.95354172303786,7.50349960638921,9.45612412837882,1638.01335864369,0.998613874662605
158,802,2002,4,"COLEMAN NFH","Battle",6.37576573127935,0.99270661166741,4.6887300352265,6.29880783473457,8.51142758491528,1509.46541588157,1.00239849475456
159,842,2002,4,"COLEMAN NFH","Battle",7.73258351650427,1.12608214795145,5.79682410570343,7.6202313036627,10.2066282331073,2548.41604472669,0.999648044063234
160,851,2002,4,"COLEMAN NFH","Battle",8.3756215679882,1.25211106137329,6.21239985298722,8.32653879302739,11.0994510356568,1494.23886064228,1.0001403782287
161,852,2002,4,"COLEMAN NFH","Battle",10.5132754690162,1.54529000797513,7.88555382303295,10.4416505424766,13.8623745759001,2471.55597117584,1.00023966323908
162,853,2002,4,"COLEMAN NFH","Battle",6.99615578140824,0.927794987147982,5.34419909688185,6.98863139278716,8.85128033281369,1752.65859051343,0.998812171252343
163,866,2002,4,"COLEMAN NFH","Battle",8.47783854183485,1.24437400124146,6.34643898887193,8.35720090678657,11.2406947005936,1674.97795704098,0.999479869502496
164,2793,2003,2,"SAC R RED BLUFF DIV DAM","RBDD",15.3235003328954,1.555190826002,12.4660741587173,15.2365025355524,18.5135290643073,2468.65996429233,0.998709301552753
165,2792,2003,3,"SAC R RED BLUFF DIV DAM","RBDD",21.7038084128229,3.13667658460466,16.3676405904648,21.4495352918132,28.6126392274214,1951.10060848389,0.999597230238645
166,2295,2004,3,"SAC R BEL RBDD","RBDD",17.4562384611939,2.33713217067993,13.2949731127825,17.3250838553258,22.4612318459729,1902.21701356615,1.00009502422325
167,213,2004,4,"BATTLE CREEK BELOW CNFH","Battle",7.36399392842974,0.584443984236502,6.30531971314654,7.34778222094708,8.55275171250759,2488.63893876355,0.999240439773244
168,214,2004,4,"BATTLE CREEK BELOW CNFH","Battle",7.07618254130982,0.523051716002868,6.10758898442416,7.05025955994224,8.18326455093909,2087.64521914889,0.999915189786615
169,2782,2005,2,"SAC R RED BLUFF DIV DAM","RBDD",11.9801705139103,1.30659260247021,9.64935817802526,11.935960034787,14.7063054644439,2030.15548000273,1.00007021188578
170,2780,2005,3,"SAC R RED BLUFF DIV DAM","RBDD",15.8187646672693,3.55101343778168,9.95662195654388,15.5347162457461,24.0012292190723,1914.28214753016,0.999554205317204
171,2781,2005,3,"SAC R RED BLUFF DIV DAM","RBDD",20.9922767013359,3.54299959869377,14.7746324302195,20.7306363959589,29.4067495841228,2097.76505685397,0.999162206231282
172,2776,2006,2,"SAC R RED BLUFF DIV DAM","RBDD",13.9446433583277,2.49185586531952,9.69634425017631,13.7873862934049,19.4399394457688,1961.30315449132,0.998606442729726
173,2777,2006,2,"SAC R RED BLUFF DIV DAM","RBDD",11.5556675274464,1.43890279410939,9.04270702181272,11.4743820102208,14.5863441236376,2146.25979551151,1.00127763995585
174,2778,2006,2,"SAC R RED BLUFF DIV DAM","RBDD",11.0703332313253,2.21261613190752,7.2824293681287,10.9379049118549,15.9598741230595,1609.6005388608,1.00095304016002
175,2787,2007,3,"SAC R RED BLUFF DIV DAM","RBDD",12.6639975368149,3.4484353555341,7.27324710270244,12.2472180300741,20.3890559532618,1119.33971271642,1.00209504202085
176,2789,2007,3,"SAC R RED BLUFF DIV DAM","RBDD",12.6667686302248,3.52500727816001,7.1467818519102,12.1903538311056,21.116776318585,1309.30864409497,1.0004790930251
177,2790,2007,3,"SAC R RED BLUFF DIV DAM","RBDD",11.7960531525039,3.09728052334687,6.79968536175685,11.3849990285236,18.7620423559887,1508.20073993005,0.999367852159946
178,2791,2007,3,"SAC R RED BLUFF DIV DAM","RBDD",12.2244576896161,3.3233702641335,7.11155864989279,11.853355888759,20.1663293717607,2011.70614577677,0.999517702717546
179,2783,2008,3,"SAC R RED BLUFF DIV DAM","RBDD",13.9866306871501,3.67829658118721,8.03632630060441,13.5563451562308,22.7364033144923,1660.71789051999,0.999817060295714
180,2784,2008,3,"SAC R RED BLUFF DIV DAM","RBDD",14.2185381593486,4.25290610097236,7.85507952367723,13.523011308293,23.8525266319297,1489.62351658341,0.999382075441022
181,2785,2008,3,"SAC R RED BLUFF DIV DAM","RBDD",13.5035733045393,3.50396193429208,7.97315702424487,13.0384669599627,21.2865671548229,1695.49388730155,1.00027972207804
182,435,2009,4,"COLEMAN NFH","Battle",12.029667557154,2.28810557297329,8.26366340376729,11.867229542485,17.2183776881378,1757.12501565737,0.999733298852525
183,527,2009,4,"COLEMAN NFH","Battle",7.60161957100772,1.44897177382472,5.12814943379573,7.49315531282785,10.89865706126,2190.27466550571,0.999217022101095
184,530,2009,4,"COLEMAN NFH","Battle",10.2465166869492,1.54789150260216,7.44110213494483,10.1086264509269,13.5283372865695,1747.31136866021,0.999126127173259
185,601,2009,4,"COLEMAN NFH","Battle",6.63467913092224,0.624582909609931,5.54597277077493,6.62377418025142,7.88563524113795,1535.21659989896,0.999702226022431
186,649,2009,4,"COLEMAN NFH","Battle",6.9087426550419,0.670857763340959,5.69652023700996,6.88772874289802,8.28927838945799,2400.77293114498,0.999232425147101
187,651,2009,4,"COLEMAN NFH","Battle",7.20262518475912,0.854715513552742,5.68223177885199,7.14368898607005,9.15762748072988,1625.33866087976,1.00018304458202
188,658,2009,4,"COLEMAN NFH","Battle",7.7931937525513,0.916989727294378,6.25627636654046,7.73538366526094,9.80668177464987,2680.46718744367,0.999404652254395
189,669,2009,4,"COLEMAN NFH","Battle",6.46070474756416,0.831301944119013,5.00665040225766,6.42005565227447,8.20798753479178,1940.45614847488,1.00042391594425
190,671,2009,4,"COLEMAN NFH","Battle",6.89759910591224,0.615853865045159,5.81273085852109,6.85062613603833,8.10430072412322,2288.13282871071,1.00003251448677
191,672,2009,4,"COLEMAN NFH","Battle",6.54465576137071,0.782828162721215,5.17116648259278,6.51562105233653,8.24809064583418,2186.67650309447,0.998530707086392
192,677,2009,4,"COLEMAN NFH","Battle",7.24189685371755,0.716657351405195,5.98504287861793,7.19147088577847,8.79346772260099,2376.25757872613,0.998568643363529
193,683,2009,4,"COLEMAN NFH","Battle",6.15167374362111,0.786548696387548,4.78456961037949,6.10466629569328,7.82506330174685,2551.99277814826,0.998859294248312
194,694,2009,4,"COLEMAN NFH","Battle",7.56270153379668,0.835716220976694,6.11145784809416,7.49502255773863,9.36366596951599,1983.61837778389,0.998719062212011
195,702,2009,4,"COLEMAN NFH","Battle",10.1301614306896,2.31230012007796,6.30016813576842,9.84426700930284,15.3741243366889,1812.79993564802,0.998380735625929
196,703,2009,4,"COLEMAN NFH","Battle",7.89635342188609,0.869874361754862,6.3348466349884,7.82129413880847,9.78488310102223,2745.34388913199,0.998462954608305
197,704,2009,4,"COLEMAN NFH","Battle",7.58578120003378,1.17934375770399,5.50132162727474,7.53095021639707,10.1074723006717,1444.88094141214,0.998687654790499
198,722,2009,4,"COLEMAN NFH","Battle",5.77550377869773,0.613827736491138,4.65762749912135,5.75887861810162,7.07210839640697,1221.64685242609,0.999678388183119
199,723,2009,4,"COLEMAN NFH","Battle",7.29525472360997,0.862751517913527,5.77284582519673,7.24213941849989,9.06277352976818,1937.26882841397,0.998459245644329
200,728,2009,4,"COLEMAN NFH","Battle",7.83840405042177,1.05198206967962,6.01599147580855,7.79902496959414,10.0268398601264,2232.74797326579,0.998737707208851
201,773,2009,4,"COLEMAN NFH","Battle",9.23294829190055,1.5574053237557,6.58501161568472,9.09799654570558,12.6911195729557,2318.23258866618,1.0021776544934
202,782,2009,4,"COLEMAN NFH","Battle",7.43150343407563,0.912447080773325,5.76584732754963,7.39193425442762,9.31002720916807,2340.6708619287,0.998405213150176
203,785,2009,4,"COLEMAN NFH","Battle",7.94967381963915,1.21646532500499,5.929596077731,7.84231471501236,10.7109826826352,1793.40701556402,0.999099430489998
204,808,2009,4,"COLEMAN NFH","Battle",5.5851322984392,0.690783707599296,4.35429219443666,5.54879570948401,7.08858702718817,1984.0839330729,0.999799189633196
205,829,2009,4,"COLEMAN NFH","Battle",6.44772592588176,0.710286651153985,5.23065647422889,6.40431461025221,7.93016951632474,1973.48474161929,0.999970636203169
206,839,2009,4,"COLEMAN NFH","Battle",7.9485905167108,1.25163219698433,5.83115183143873,7.86543384903594,10.5617719925351,2173.47543404308,0.998910155982393
207,874,2009,4,"COLEMAN NFH","Battle",6.82316698028486,1.12003332799727,4.83436716960511,6.73460863691387,9.31187157852074,1881.1520399565,0.999125304539641
208,416,2010,4,"COLEMAN NFH","Battle",13.5561629264007,3.94190024458093,7.45435988511516,13.0746305615341,22.1240564428594,1775.12334039566,1.00029378383186
209,515,2010,4,"COLEMAN NFH","Battle",11.3736275522433,1.85451441464555,8.19499261479925,11.1988033825705,15.525012205729,1621.95555427135,0.999279854733603
210,517,2010,4,"COLEMAN NFH","Battle",11.3633663255542,1.28832232756508,9.02270931156749,11.3131712838816,14.0137455077787,1942.66008862089,0.998656458779302
211,531,2010,4,"COLEMAN NFH","Battle",10.2997180290197,1.3183876922831,8.00740168699408,10.1463121693771,13.2106871172919,2778.55246798002,0.999502978676631
212,550,2010,4,"COLEMAN NFH","Battle",7.41211199269074,0.827072937319625,5.98845119723638,7.35829234141542,9.09545986278155,1521.58453792778,0.999213750708123
213,553,2010,4,"COLEMAN NFH","Battle",7.79494323330837,0.942042007061473,6.145006657791,7.72687963161201,9.92158926677136,1931.79318480356,0.99837431095164
214,581,2010,4,"COLEMAN NFH","Battle",7.86822327165747,0.943582070614037,6.20530356943041,7.81769357399036,9.90926327456224,2046.24412821788,0.999585734782552
215,594,2010,4,"COLEMAN NFH","Battle",7.14835352065053,0.459089798625845,6.27642956351062,7.135398700725,8.0618010456118,2083.07878329703,0.99886774741177
216,608,2010,4,"COLEMAN NFH","Battle",10.4954446237598,1.29434628808256,8.23388199631985,10.3919100078025,13.4540285962063,1928.65521131541,0.998755869432203
217,609,2010,4,"COLEMAN NFH","Battle",8.15366587803247,0.782647523445028,6.67298212997244,8.13322498811306,9.70546651300773,1834.67427183215,0.999221982313876
218,610,2010,4,"COLEMAN NFH","Battle",7.16894244420683,0.519458822239506,6.20604679648923,7.15848649429618,8.2154484164203,2280.88975656069,0.998346838036687
219,613,2010,4,"COLEMAN NFH","Battle",7.38995128793668,0.492804939656225,6.47605460550369,7.38197715818277,8.36628207266372,2461.33000969696,0.998853283046732
220,653,2010,4,"COLEMAN NFH","Battle",7.47655763155596,0.498497764477163,6.52458336574641,7.46371477716368,8.52402957169763,2721.81002013113,0.998520551300226
221,670,2010,4,"COLEMAN NFH","Battle",7.76520417163424,0.547229230719466,6.73940542865869,7.7558103029818,8.88973573949148,1935.79025739461,0.999675071457646
222,673,2010,4,"COLEMAN NFH","Battle",7.52239623806439,0.492710228560732,6.61967527575581,7.5078941634651,8.50924690264694,2652.8191474823,0.999036389209095
223,674,2010,4,"COLEMAN NFH","Battle",7.97700984280023,0.60183953385458,6.8224455758714,7.94072169478573,9.23688285485507,2643.66862095962,0.999947323829244
224,697,2010,4,"COLEMAN NFH","Battle",7.27835874018561,0.51868783632348,6.31079441415811,7.26881195277492,8.30709561953208,1813.087064245,0.999009489667748
225,720,2010,4,"COLEMAN NFH","Battle",8.01450171999109,0.466626978670101,7.14550078203526,7.99794562960823,8.96765590530416,2032.1598868908,0.998999702217123
226,729,2010,4,"COLEMAN NFH","Battle",8.2633767807374,0.611559815845074,7.1019679609232,8.24295224662895,9.48947375951412,2931.3372456268,0.998894157755358
227,731,2010,4,"COLEMAN NFH","Battle",8.2039853789528,0.59860067607798,7.10905660160325,8.18421647453105,9.36936580340249,2072.17488650304,0.999415921611453
228,734,2010,4,"COLEMAN NFH","Battle",8.20182832083051,0.664006988676223,7.00995932526492,8.18069970332024,9.58262425009245,1972.37924170095,0.998951544123897
229,783,2010,4,"COLEMAN NFH","Battle",8.00415873722323,0.574446650589417,6.94376389559675,7.99009237666502,9.19225378619226,3209.73682617294,0.998764599753188
230,822,2010,4,"COLEMAN NFH","Battle",7.51869843504316,0.561360189775984,6.44639174480517,7.48514834656064,8.68459167013685,2416.86083045142,1.00001938152252
231,840,2010,4,"COLEMAN NFH","Battle",7.76159203627274,0.660340540593512,6.56267456688571,7.73860480079777,9.17188532800321,2811.26543843849,1.00045857127514
232,436,2011,4,"COLEMAN NFH","Battle",12.8894375029215,2.19976602898993,9.26367569453353,12.6169490005196,17.7287875552694,1863.0970974179,0.998986301319424
233,439,2011,4,"COLEMAN NFH","Battle",11.1791742436946,2.49881203420627,7.08122807025924,10.9280521227575,16.8528072052276,1581.55647721625,0.999086143064556
234,442,2011,4,"COLEMAN NFH","Battle",9.95371081148477,2.19658240558191,6.29299955968931,9.69795937838788,15.2252163834258,2033.10749296827,1.00095454635095
235,534,2011,4,"COLEMAN NFH","Battle",7.8947486806796,0.927175871572459,6.24046830321564,7.82021164249233,9.92174587313414,1557.9976893379,0.998331216910556
236,535,2011,4,"COLEMAN NFH","Battle",11.181089483371,1.49699775338774,8.49058369256994,11.1197039719607,14.3930940447533,2036.90066391604,0.99961543301529
237,536,2011,4,"COLEMAN NFH","Battle",9.64553797752718,1.39276627165286,7.25807332756893,9.53055444494384,12.5648082263817,2029.77697809106,0.999307062529216
238,537,2011,4,"COLEMAN NFH","Battle",8.24455669740207,0.640457424685428,7.00670523610197,8.2392940480947,9.55288361271725,2289.60498831062,0.999146629367454
239,538,2011,4,"COLEMAN NFH","Battle",11.4099921714723,1.97729860491752,7.98006999051083,11.2234027799264,15.4399853369412,2403.35423883238,0.999162857238276
240,540,2011,4,"COLEMAN NFH","Battle",9.59898172965757,1.02424131726073,7.75560692847664,9.50586024935275,11.8167558489489,2479.88083111309,0.998904405905678
241,541,2011,4,"COLEMAN NFH","Battle",9.8055059944499,1.49986562897893,7.17629565763275,9.6719724306539,12.9784140270111,1698.58067658823,0.999188662416795
242,543,2011,4,"COLEMAN NFH","Battle",10.0151393860972,0.970275662388719,8.26204788227613,9.96714610074045,12.0118239631816,2782.08373092773,0.998522566005456
243,545,2011,4,"COLEMAN NFH","Battle",8.26049060989891,1.12204406875755,6.3557464022891,8.15402100495001,10.7092741519897,1281.4347911647,1.00160837354588
244,546,2011,4,"COLEMAN NFH","Battle",7.8948785806656,1.78002584645265,4.93080017276202,7.71581732141413,11.8523358256849,1550.76126884808,0.998402738189757
245,547,2011,4,"COLEMAN NFH","Battle",8.11750766295172,0.787027180296371,6.72730493195865,8.0694216108793,9.79650593784148,1953.96442817482,1.00044846869271
246,548,2011,4,"COLEMAN NFH","Battle",8.5256540665431,0.939672739456795,6.76854397391925,8.48850723858551,10.4227459338616,2377.73162941157,0.998946517690094
247,740,2011,4,"COLEMAN NFH","Battle",7.53564462307617,0.65446874568433,6.27512652851902,7.50180620938417,8.87421203644073,1900.80386302385,0.999981969670148
248,741,2011,4,"COLEMAN NFH","Battle",7.3722849805344,0.697288563483058,6.12807740335517,7.34791572148281,8.8754602920274,2651.80242784385,0.998633235359134
249,748,2011,4,"COLEMAN NFH","Battle",7.92147307081259,0.56411184958393,6.88417524717748,7.89254466062184,9.12556046618231,2236.03802142921,0.998567628659271
250,749,2011,4,"COLEMAN NFH","Battle",8.81199699087188,1.28489223966811,6.55600700227854,8.71218206410379,11.6680250839653,2355.2247003548,0.999535354304088
251,641,2012,4,"COLEMAN NFH","Battle",9.06028516574841,1.51099567471105,6.49978999915115,8.93159695317844,12.3867458809388,1952.34083124005,0.999740752806431
252,642,2012,4,"COLEMAN NFH","Battle",9.69000990744337,2.21883364244383,6.05275061675328,9.40435553042063,14.8754400156791,1413.31732406537,0.998640368739039
253,711,2012,4,"COLEMAN NFH","Battle",8.57098838284939,1.40735143939178,6.19820015787915,8.47721420696918,11.6429065701404,1677.30442168818,0.998527326864886
254,744,2012,4,"COLEMAN NFH","Battle",7.52570779120014,1.35877744238638,5.24038304441109,7.39803018171715,10.4513282812989,2011.05903399763,0.998813741806299
255,750,2012,4,"COLEMAN NFH","Battle",10.2754478300868,1.83967294360772,7.19940235317662,10.137539161391,14.3729492383165,1390.28443147041,1.00162102427451
256,752,2012,4,"COLEMAN NFH","Battle",7.81708890685532,1.19316320974277,5.67483657407512,7.76458390343362,10.3501406345627,2773.55370540522,0.998981153056427
257,796,2012,4,"COLEMAN NFH","Battle",9.87971865396325,1.2309497460383,7.62097433954256,9.79255451379526,12.4810493403371,2012.95193205119,0.999567315777092
258,799,2012,4,"COLEMAN NFH","Battle",9.54037944197239,1.29936156426506,7.22348010897841,9.43325233475814,12.3552126295624,1754.73113159178,0.999398015835358
259,817,2012,4,"COLEMAN NFH","Battle",7.37982729489603,1.17661433690937,5.4169874141156,7.2692913930809,9.89452736662924,2574.10089370981,0.999305786788937
260,836,2012,4,"COLEMAN NFH","Battle",9.18217354397762,1.39395527855368,6.69025021051961,9.07618383401992,12.1117068987781,1568.02359533185,0.998332077697873
261,859,2012,4,"COLEMAN NFH","Battle",8.08154333620549,1.48682905144365,5.56778748492454,7.95155875333351,11.3380222301736,2193.67303498636,0.999350352088712
262,865,2012,4,"COLEMAN NFH","Battle",8.39778823814789,1.4171184953227,5.97403233527153,8.28546929152294,11.4192714657938,1955.23664959492,0.998558260351591
263,876,2012,4,"COLEMAN NFH","Battle",7.06750765051981,1.29229000476564,4.85571539155037,6.94118225666413,9.96869512064528,2008.90964452715,0.999229705786799
264,877,2012,4,"COLEMAN NFH","Battle",7.15171958944016,1.41072657536933,4.7888884600413,7.00028944667391,10.3855846522207,2091.66881021397,0.999205291627572
265,429,2012,5,"COLEMAN NFH","Battle",9.21330203861196,1.47373359807573,6.7249049673293,9.11013864990638,12.4840938100374,2018.74257825905,1.00035413463766
266,450,2012,5,"COLEMAN NFH","Battle",9.20610468493391,1.54984750423219,6.41091580009186,9.08266010850911,12.5243166970387,1944.99862431365,1.00045176345931
267,497,2012,5,"COLEMAN NFH","Battle",8.85803283822086,1.27447874452845,6.64425243468754,8.7437588660433,11.7063254793069,2250.14852108542,1.00019018865863
268,686,2012,5,"COLEMAN NFH","Battle",6.98270695398235,0.95903432859745,5.30689876038246,6.92657445031202,8.98194953019668,2105.8831574603,0.998684520439306
269,745,2012,5,"COLEMAN NFH","Battle",7.60502723594025,0.956335113851916,5.92458728048888,7.53589276143217,9.60664495881335,1826.17237799375,0.999652776668552
270,791,2012,5,"COLEMAN NFH","Battle",7.94672154612647,0.881263802322098,6.34452280230111,7.87026290696456,9.77603694587668,2292.86955808928,0.999260972411366
271,811,2012,5,"COLEMAN NFH","Battle",6.81997024975728,0.844224105713167,5.36460313175962,6.74733330645857,8.58454038564694,1767.22034009234,0.998749647771656
272,812,2012,5,"COLEMAN NFH","Battle",7.72456047144871,1.06505961227821,5.77316111652572,7.6656056871023,10.0425686583502,1789.05406369344,0.998876058899553
273,815,2012,5,"COLEMAN NFH","Battle",7.31373343012952,1.17773408180182,5.37022294064966,7.23654456429887,9.90054444728362,1774.44397651025,0.999092844051701
274,843,2012,5,"COLEMAN NFH","Battle",6.81301423062831,1.12907424913203,4.91596374921533,6.74462439566472,9.28505347888676,1869.0767270111,0.998582809997067
275,858,2012,5,"COLEMAN NFH","Battle",7.21504533370812,0.878009717626986,5.64028780360152,7.17997075128128,9.01080273634866,2367.24778665851,0.998326007465395
276,453,2013,4,"COLEMAN NFH","Battle",11.6540495368902,3.15667477627888,6.69303049105753,11.142496703806,18.6377119777371,1794.35487217367,0.999987531662207
277,533,2013,4,"COLEMAN NFH","Battle",12.0983042347693,3.50557290061615,6.79127747954692,11.5745696145119,20.3542269838362,1613.72678201977,0.999368955664199
278,570,2013,4,"COLEMAN NFH","Battle",9.35203352828391,2.52050155125677,5.32158594452017,9.0393030755248,15.1412729269735,1796.57510015517,0.99940783481055
279,585,2013,4,"COLEMAN NFH","Battle",9.49328495363762,2.40820037328446,5.54416918309992,9.22286090138743,15.0907615048887,1690.68764307279,0.999500253212807
280,620,2013,4,"COLEMAN NFH","Battle",9.12956166986093,2.40524610206881,5.34756363563979,8.8077306107575,14.6978632751996,1938.11159403316,0.999372964658908
281,631,2013,4,"COLEMAN NFH","Battle",9.80327630317726,2.57701357213388,5.7398053062891,9.43573485453881,16.0484835028698,1841.25031204353,1.00135252614601
282,660,2013,4,"COLEMAN NFH","Battle",9.77168452058995,2.61165758752641,5.64093973890621,9.48629877155269,16.0716894589271,2008.48062206934,0.999546196033842
283,664,2013,4,"COLEMAN NFH","Battle",8.85335836993368,2.28223937366709,5.17082540059796,8.53912989793335,14.033182105177,2119.32533445156,0.998970979124344
284,707,2013,4,"COLEMAN NFH","Battle",8.8778799926062,2.41242049475399,5.13568766106808,8.52403116723336,14.5539995965098,1962.89678455346,0.999462078351481
285,743,2013,4,"COLEMAN NFH","Battle",8.78923013040579,2.27463101254651,5.24740266190469,8.46364926333586,13.7275653444721,1945.39234279456,1.00234773813448
286,771,2013,4,"COLEMAN NFH","Battle",8.35883511500924,2.18052114338387,4.81711992333521,8.11073961834111,13.2986013373589,1913.14456235164,0.998754027797849
287,857,2013,4,"COLEMAN NFH","Battle",8.50503146397339,2.13836983040013,5.19316430221277,8.22313099967552,13.4613430045491,1454.68149514875,1.00141688690775
288,870,2013,4,"COLEMAN NFH","Battle",7.45002798449639,1.86629418912239,4.41335925347484,7.22912824739655,11.5236679179207,1656.23510849244,0.999763469962144
289,598,2014,4,"COLEMAN NFH","Battle",8.18477680732573,1.60252760721491,5.50265526933585,8.02970466210961,11.5641657123786,1997.10220361303,0.998751701712346
290,705,2014,4,"COLEMAN NFH","Battle",7.73111918507263,1.33841854152981,5.36732484541797,7.65494157782849,10.6104938834176,1895.60193224315,0.999234530640764
291,792,2014,4,"COLEMAN NFH","Battle",7.2846139640525,1.10179050067985,5.37414215188294,7.19393366147131,9.62392182723729,2088.91034740112,0.998664768290781
292,844,2014,4,"COLEMAN NFH","Battle",6.86796044403718,0.920837959663525,5.24673484957866,6.81319028343173,8.8052465103185,2052.98687918695,0.998326207495822
293,428,2016,3,"COLEMAN NFH","Battle",17.7278326722792,1.51981438716996,14.9848577142175,17.6965958234213,20.7146925292038,2712.77054175704,0.998512727220205
294,451,2016,3,"COLEMAN NFH","Battle",13.3974447516276,1.38017705016332,10.8784297532437,13.3144912167444,16.2146942215198,2276.75772846813,0.999644957302724
295,459,2016,3,"COLEMAN NFH","Battle",13.2531564630098,1.12063265234459,11.1439315403435,13.218546522795,15.5737936036851,1936.42406255511,1.00091072961101
296,469,2016,3,"COLEMAN NFH","Battle",15.5828715394124,1.63544426319462,12.5699299711136,15.4975596596133,19.0822348582542,2232.69619008426,0.998214694648638
297,507,2016,3,"COLEMAN NFH","Battle",9.61228021717327,0.832369598277129,8.12066237809019,9.57691148859086,11.3607218249467,2555.39655019018,0.99872840830423
298,444,2016,4,"COLEMAN NFH","Battle",8.26586714208891,2.13532795782596,4.90610671577839,7.98296633731655,13.0850144504211,2285.51049405458,1.00077708528435
299,454,2016,4,"COLEMAN NFH","Battle",10.9133169284688,2.1623297623341,7.38417403024587,10.6714591985671,15.7334308972614,1492.41895926899,0.998975161021901
300,465,2016,4,"COLEMAN NFH","Battle",11.1803259680727,2.90821478387146,6.61787428698273,10.7458479975532,18.122761130368,1698.62459225901,0.998712253837029
301,470,2016,4,"COLEMAN NFH","Battle",11.6134139372144,3.02210994924781,6.77101785121616,11.3127763925534,18.5339077977631,1316.45580239844,1.00085813154866
302,480,2016,4,"COLEMAN NFH","Battle",11.6134991831371,2.68336473106923,7.34489360593248,11.3085527727285,17.6872852560654,1976.12853012435,1.00048558544122
303,520,2016,4,"COLEMAN NFH","Battle",10.6077631383612,2.86540247627576,6.20485423665296,10.2091577298593,17.0188238361113,1826.99716343405,0.998566850815614
304,555,2016,4,"COLEMAN NFH","Battle",10.8637441209535,1.80100700873251,7.67328813740994,10.7322025350901,14.862366994103,2169.2762471859,0.998994432203246
305,567,2016,4,"COLEMAN NFH","Battle",10.5029532887949,2.25810813318985,6.78527243206618,10.244173588286,15.8758999416494,1959.24071443367,0.998531629538976
306,596,2016,4,"COLEMAN NFH","Battle",10.0965613393025,1.82400472945304,7.09564098501661,9.94130637576604,14.0404053120191,2267.83530816546,0.998562623437772
307,615,2016,4,"COLEMAN NFH","Battle",15.3996237809491,3.17848536323202,10.119769214283,15.0397682094631,22.5211156572337,1905.97175530051,1.00387387443207
308,636,2016,4,"COLEMAN NFH","Battle",7.65393084928748,1.38502514584914,5.13789619030012,7.5384864604897,10.7667909409233,2220.02109290366,0.998596630112433
309,661,2016,4,"COLEMAN NFH","Battle",7.69683980370889,1.67040701053284,4.9321201811046,7.5342940584601,11.3470907838355,2373.72702342495,0.998733214417481
310,684,2016,4,"COLEMAN NFH","Battle",10.1162467122186,2.68511362347584,5.99213232533633,9.77366225186122,16.2424466470018,1951.09652097378,1.00207642785737
311,738,2016,4,"COLEMAN NFH","Battle",6.66260739461108,1.18590789216782,4.6740377914635,6.52385441205134,9.15851380461472,1653.16960093605,0.999642027818948
312,768,2016,4,"COLEMAN NFH","Battle",6.55778172220192,1.13993599948886,4.55851617990129,6.48840868971224,9.0346765300904,1693.42083968962,1.00217253050686
313,769,2016,4,"COLEMAN NFH","Battle",9.60032484254586,2.62781449262939,5.49992457813807,9.20865283379988,15.4734955295334,1815.89616868344,1.00010876257513
314,827,2016,4,"COLEMAN NFH","Battle",8.13077762692398,1.78606595224395,5.21360860268175,7.9365628400848,12.0913314436434,1579.61747280917,1.00012959732096
315,828,2016,4,"COLEMAN NFH","Battle",6.60980903775482,1.15186462248992,4.69311013588328,6.50286476454382,9.09586825127819,1716.11295270803,0.999984580417817
316,869,2016,4,"COLEMAN NFH","Battle",6.07361377179875,1.16145582812916,4.0838227596045,5.94459385969942,8.59952943115776,1788.43275309185,0.998454002445156
317,875,2016,4,"COLEMAN NFH","Battle",6.68556022726438,1.18536441358249,4.67968688642787,6.60709389375834,9.31055810405982,1897.89403745587,0.998208673096857
318,878,2016,4,"COLEMAN NFH","Battle",6.14947346464358,1.0620013406578,4.26270148238607,6.09136237383841,8.48812502110907,2032.26019609188,0.998590884438352
319,882,2016,4,"COLEMAN NFH","Battle",6.12097263114175,0.966309718204814,4.51341481162891,6.03875815698621,8.03174118149912,1867.81649230008,0.998824825076947
320,887,2016,4,"COLEMAN NFH","Battle",6.53354590118503,1.48021722272463,4.16160075776076,6.38505943420436,9.87418381759973,1996.68825301265,1.00043676855509
321,892,2016,4,"COLEMAN NFH","Battle",5.57275571999319,1.08381125122145,3.71087848299963,5.48261062804695,7.99896517678798,1860.36963822199,0.999167154703644
322,478,2017,3,"COLEMAN NFH","Battle",8.58801371039214,0.516171208396157,7.66606748386096,8.574096447402,9.65001908940534,2934.02095629613,0.999504847789123
323,518,2017,3,"COLEMAN NFH","Battle",9.4000611849742,0.7436791769747,8.02296937118366,9.35044185781674,10.9198432818032,2744.89890287414,0.998610483731301
324,568,2017,3,"COLEMAN NFH","Battle",8.71876606792499,0.738012013062305,7.42451717869624,8.68361959658439,10.265338266245,2382.86221132381,0.99886112589447
325,597,2017,3,"COLEMAN NFH","Battle",8.76696869102673,0.587820276339526,7.71909855637444,8.75847674995657,9.96167204959681,3126.8778688157,0.998190698191253
326,566,2017,4,"COLEMAN NFH","Battle",10.2130571253418,1.47676607690022,7.71840133060788,10.1124326629828,13.3109094363987,2205.35802435208,0.999586020779632
327,583,2017,4,"COLEMAN NFH","Battle",9.86357613744868,1.16673168662876,7.75113606041051,9.79185541628616,12.4133911562203,1675.52915674021,0.998946124364143
328,616,2017,4,"COLEMAN NFH","Battle",11.2741456857385,1.36901155815938,8.82570592155986,11.1891947532641,14.1148803720887,2331.03426852044,1.00071868988513
329,618,2017,4,"COLEMAN NFH","Battle",9.77709763801703,1.97478024620819,6.53656766994981,9.54177232448302,14.2747529487823,2284.98138010916,0.999273402793614
330,621,2017,4,"COLEMAN NFH","Battle",8.86972161981626,1.23689064868702,6.75883318186057,8.76025555449626,11.5413077049243,2228.06516355366,0.998749590586654
331,632,2017,4,"COLEMAN NFH","Battle",8.44511497427443,1.36776719443753,6.04563360663941,8.3560063747314,11.3311180998539,2129.23533771977,1.00055127056362
332,634,2017,4,"COLEMAN NFH","Battle",7.93839491700109,1.0389846401201,6.13401363374773,7.88129651512117,10.2313012965648,2856.62960496866,1.00014085691964
333,635,2017,4,"COLEMAN NFH","Battle",7.45707586355672,0.841346375439205,5.94454089899887,7.4305257688067,9.18947320048819,2170.17015007069,0.999535584485404
334,662,2017,4,"COLEMAN NFH","Battle",8.4402364625777,1.32201848301035,6.1315115836843,8.36423688673455,11.3164564629047,1771.84693845555,1.00058993111617
335,685,2017,4,"COLEMAN NFH","Battle",9.51942397125828,1.08715926961429,7.60761766561056,9.42930395817645,11.8695917692373,2088.58563169103,0.999330441949095
336,687,2017,4,"COLEMAN NFH","Battle",10.7423361187336,1.61806430926809,7.95791766216596,10.657339327728,14.2091519824456,1835.61344227629,1.00232017032354
337,706,2017,4,"COLEMAN NFH","Battle",11.5156952253799,1.2935547671802,9.13415395530569,11.4813876883491,14.2932172101935,2065.27818860708,0.998331269009534
338,708,2017,4,"COLEMAN NFH","Battle",8.16306483199892,0.809631526232822,6.6417663535884,8.12482025279314,9.84389104759528,2646.02422562955,0.999273620546345
339,739,2017,4,"COLEMAN NFH","Battle",8.53102953911814,1.00439413040228,6.77982952170436,8.45760307928647,10.6111322057488,2109.91415490867,0.998854428358871
340,742,2017,4,"COLEMAN NFH","Battle",8.48291860260301,1.49081038092758,5.84089300838766,8.41784785671877,11.5400221064892,1894.02846185686,0.999382626887752
341,746,2017,4,"COLEMAN NFH","Battle",9.97129316579503,1.23687437526162,7.75447191000776,9.95092349048097,12.4337496849122,1995.88097190348,0.998285092661296
342,794,2017,4,"COLEMAN NFH","Battle",8.32211156037654,1.28750168625833,6.11584967391694,8.19828009470077,11.098392544904,2158.31328034656,0.999550725713102
343,813,2017,4,"COLEMAN NFH","Battle",9.86130564914959,2.02283230393262,6.62061103552229,9.63754212532518,14.4756168463268,2042.44820871217,0.99977793658244
344,816,2017,4,"COLEMAN NFH","Battle",6.05252465555468,0.703794639698298,4.79775501193128,5.99701628517271,7.62952798447133,2353.01695656566,0.998397854820869
345,818,2017,4,"COLEMAN NFH","Battle",8.60535587124459,1.46657411659095,6.08452088003133,8.49762669944784,11.8420107554998,2042.26705223808,0.998852090055042
346,845,2017,4,"COLEMAN NFH","Battle",6.10777854833072,0.920723269767723,4.51736888547461,6.03352592220083,8.08219979827853,2043.48863098673,0.998841439444667
347,846,2017,4,"COLEMAN NFH","Battle",7.32739700590413,1.58158038710286,4.66938159558124,7.18317202530507,10.8974046512348,1829.43097415292,1.00113470484579
348,462,2018,4,"COLEMAN NFH","Battle",10.9812758300891,1.61527109224439,8.08621959700797,10.8815808992445,14.4599205522799,1856.69055163953,0.999251237086095
349,463,2018,4,"COLEMAN NFH","Battle",5.98388869794526,0.710807323391271,4.69985386452773,5.94195442590471,7.47364708932201,2160.6089569387,1.00418053094954
350,473,2018,4,"COLEMAN NFH","Battle",11.2055867728952,1.82577517949003,8.06107681658229,11.1030153340254,15.1495337036538,1848.50959550389,0.99905561763854
351,491,2018,4,"COLEMAN NFH","Battle",13.0358340065627,2.00611393419141,9.36575657512563,12.9134001852329,17.2680543339539,1737.18140671117,0.999473486321032
352,501,2018,4,"COLEMAN NFH","Battle",6.93398512293132,0.865446962552986,5.33418144839563,6.88447160639768,8.85844917653557,2071.27139712999,1.00005440017304
353,513,2018,4,"COLEMAN NFH","Battle",6.01083495585912,0.858102897517487,4.43886429811037,5.98791032147714,7.77325064768517,1780.22731679862,0.999522894241579
354,580,2018,4,"COLEMAN NFH","Battle",8.42719351751823,0.850369411773447,6.83844856554246,8.38811457617831,10.1730514454053,1930.89692709101,0.999548279047937
355,605,2018,4,"COLEMAN NFH","Battle",7.73990671052494,0.959152815604829,6.03089345994852,7.65971873878966,9.67899572199387,1858.31405504365,1.00036443763362
356,611,2018,4,"COLEMAN NFH","Battle",4.7114971857977,0.600935107261293,3.63095609218239,4.69245411443583,5.94226450162004,1793.82770102689,1.00056005947757
357,625,2018,4,"COLEMAN NFH","Battle",6.23141406513699,0.706361086735623,5.00025760396623,6.19601917221293,7.72987852576912,2324.65386926193,1.00018008152395
358,628,2018,4,"COLEMAN NFH","Battle",10.9663680810399,1.40384141687341,8.45736149873111,10.9061359717329,13.8811878467192,1912.41169549153,0.999082056606819
359,725,2018,4,"COLEMAN NFH","Battle",6.31899545864644,1.11035113203778,4.36136662880446,6.24176369660976,8.70323334785935,1840.20673145208,0.9985674742909
360,766,2018,4,"COLEMAN NFH","Battle",5.77004560242366,0.697507345964419,4.47612916772094,5.73954426945766,7.25051308751712,1885.65186449985,0.9991897082488
361,832,2018,4,"COLEMAN NFH","Battle",5.97910253899355,0.782056938510561,4.60562675145158,5.91943617524981,7.74033926890392,1818.12122100428,0.998591845919326
362,889,2018,4,"COLEMAN NFH","Battle",12.3881737879297,3.27802501039879,7.12774161838368,11.9713607666377,19.7094411809588,2011.52231686344,1.00112105632473
363,449,2019,3,"COLEMAN NFH","Battle",19.5045771926897,1.38017637201132,16.9158131253157,19.4579479404993,22.310838397082,2545.62738073652,0.998465853231715
364,492,2019,3,"COLEMAN NFH","Battle",13.2723851410769,1.23199288185634,11.0755083661137,13.2196738611941,15.8036225115457,2616.29564062079,0.998782611830536
365,493,2019,3,"COLEMAN NFH","Battle",17.620453930424,1.43525202803111,14.9333888819729,17.6078940935157,20.8077375826236,2600.41830116812,0.998813435401607
366,573,2019,3,"COLEMAN NFH","Battle",10.6069768147601,0.982785687493425,8.81524757263043,10.5898077141604,12.6334829624911,2184.11545033299,0.998274014106935
367,578,2019,3,"COLEMAN NFH","Battle",13.4449797243471,1.10240567684006,11.3753174287905,13.3928348532837,15.7609615430897,2193.56900457295,0.998467093030377
368,617,2019,3,"COLEMAN NFH","Battle",12.0421978018458,1.14741617152209,9.94881724705143,11.9910479727941,14.2788561584342,1939.11785667411,0.999758041612244
369,619,2019,3,"COLEMAN NFH","Battle",10.0983592188961,0.87043844723797,8.47715755697343,10.075931683583,11.8162763025815,2427.21711400205,0.999731028759857
370,647,2019,3,"COLEMAN NFH","Battle",16.1542573542023,1.06152241024286,14.1954496914237,16.1424308347907,18.3203104657256,2534.03272121763,0.999503835221124
371,809,2019,3,"COLEMAN NFH","Battle",9.18537850701883,0.681708968493108,7.88969373563022,9.15226725371773,10.6014150257807,2699.9099661331,0.999210178066321
372,834,2019,3,"COLEMAN NFH","Battle",10.5803086175307,0.739301027467142,9.17235139878631,10.5498419609835,12.1328594959296,2993.28280635993,0.999584330692252
373,849,2019,3,"COLEMAN NFH","Battle",10.9246528305487,1.22960817660167,8.73284050856579,10.8787117159465,13.4403697345823,2108.28585847334,0.99850306555134
374,544,2019,4,"COLEMAN NFH","Battle",7.16333125745903,0.668724427545194,5.93723924969364,7.140376977005,8.53163883282831,2106.04836263052,0.998850731628356
375,606,2019,4,"COLEMAN NFH","Battle",9.29671902122439,2.33656368937921,5.50486636213985,8.98515667526353,14.7556174492989,2002.75101181105,0.999509698426717
376,607,2019,4,"COLEMAN NFH","Battle",8.10503790173643,0.785620180502516,6.64595900330144,8.03973277193165,9.75907905024732,2380.33145139025,0.999454640079028
377,623,2019,4,"COLEMAN NFH","Battle",5.65728906116588,0.709937207089028,4.35293809499942,5.61348478830535,7.22032848390373,2342.8176667048,0.999202845363332
378,637,2019,4,"COLEMAN NFH","Battle",7.01222828194321,0.746765529505106,5.67545045834992,6.98352006452733,8.59347053794144,2280.72049608945,0.99946069926841
379,638,2019,4,"COLEMAN NFH","Battle",6.5611005449978,0.674506326808569,5.32005968263839,6.53302553287507,7.97742099406714,2228.09890872606,0.999160016230037
380,643,2019,4,"COLEMAN NFH","Battle",7.48080100611619,0.843128501771807,5.89437448582325,7.43954103865172,9.21603650506542,2300.96456180068,0.999449183535618
381,650,2019,4,"COLEMAN NFH","Battle",9.17318182225809,0.844124507397786,7.63990241472402,9.1305733682401,10.9037402450865,2116.25624998504,0.998964244908588
382,689,2019,4,"COLEMAN NFH","Battle",6.05149610707514,0.988912623172112,4.37189132908456,5.96230465812707,8.3412540334233,1968.62095425595,1.00395248102267
383,757,2019,4,"COLEMAN NFH","Battle",9.34186743932744,0.835558541365144,7.82472975288892,9.29292479722632,11.0561193105139,2377.05418686067,0.998667254581432
384,760,2019,4,"COLEMAN NFH","Battle",8.39368823927489,0.903900267690002,6.78277307040817,8.32700569189112,10.2645699257388,2139.54507591946,1.00105201641621
385,761,2019,4,"COLEMAN NFH","Battle",7.96320725644975,0.886195139024895,6.46059659924306,7.8863670320953,9.84201155067768,2638.08654854659,0.999661477097339
386,820,2019,4,"COLEMAN NFH","Battle",7.32925341565935,1.00292752618493,5.55473488959378,7.27770352668903,9.52001980235605,2609.23360373188,0.998350091878392
387,848,2019,4,"COLEMAN NFH","Battle",6.27004154873516,0.890407152535503,4.73400726804438,6.19360361413427,8.12392311123986,2362.2547850031,0.998934813153964
388,688,2019,5,"COLEMAN NFH","Battle",8.74889558625378,2.23980966151846,5.20828935258614,8.44645558091267,13.878385452937,2028.07706763278,0.998731566591154
389,747,2019,5,"COLEMAN NFH","Battle",8.58221970373251,2.27663517329184,5.12019165638951,8.29021701846629,13.7299986499572,1627.84093132822,0.99936579546883
390,798,2019,5,"COLEMAN NFH","Battle",9.55190362190833,1.91407159323504,6.43376552554764,9.34781637953967,13.6713646489113,2559.76122422982,0.998878101118988
391,871,2019,5,"COLEMAN NFH","Battle",6.46918163947037,1.66003767152347,3.91403604858373,6.24724619739156,10.3436790146335,1682.03879845415,0.998371370191462
392,879,2019,5,"COLEMAN NFH","Battle",7.56592878561882,2.0924718462476,4.39339176668664,7.24575996790507,12.4093900656068,1502.58962328398,0.999010394892231
393,479,2020,3,"COLEMAN NFH","Battle",11.2591693467054,1.70688453960362,8.30360275831731,11.0933048235996,15.3407844267993,2228.05918210664,0.998832378038115
394,512,2020,3,"COLEMAN NFH","Battle",7.07179878446345,0.763259686257435,5.72533892407623,7.01038438361903,8.62539572330221,2293.77964112795,0.999231463299524
395,519,2020,3,"COLEMAN NFH","Battle",10.2844227219745,1.30418464294605,7.95560263407565,10.2284964288474,13.1101073758159,2018.99730213481,0.999745056014974
396,521,2020,3,"COLEMAN NFH","Battle",10.0736351393961,1.29483924476226,7.7011403187845,9.98580637694669,12.7393278327682,2312.1080724128,0.999102900495208
397,571,2020,3,"COLEMAN NFH","Battle",10.4679266541433,1.66908170959568,7.70166247599968,10.3755963009834,13.9446528842986,2348.54687629756,1.00018002346545
398,584,2020,3,"COLEMAN NFH","Battle",10.4136176458658,1.25431108774576,8.17354065922375,10.3667066945137,13.0082841817877,1690.84656598954,0.999166981219141
399,586,2020,3,"COLEMAN NFH","Battle",9.85721835062526,1.28640136158547,7.57817786927041,9.77100927089796,12.5997248218315,2818.81743923447,0.999869310249053
400,587,2020,3,"COLEMAN NFH","Battle",8.98754468660624,1.30219481713944,6.81944999738181,8.87747274785317,11.9911538030195,1696.89734617787,0.999804281783085
401,589,2020,3,"COLEMAN NFH","Battle",10.253554312044,1.32577292638779,7.92236100243648,10.2351245374284,12.8861693723849,2121.18698943688,0.999269795518785
402,599,2020,3,"COLEMAN NFH","Battle",10.6713051868609,1.52095463669867,7.98310818560473,10.528967459298,13.9538567179201,2141.31208970519,0.998449542885854
403,633,2020,3,"COLEMAN NFH","Battle",10.8480643671444,1.28079573020753,8.63941367976026,10.7623602719799,13.5289912246514,1806.83627465345,0.999509031568499
404,663,2020,3,"COLEMAN NFH","Battle",9.48833046211473,1.40776022359504,6.98435881356328,9.40288293936271,12.3443035997333,1625.23438286334,1.00051886987396
405,751,2020,3,"COLEMAN NFH","Battle",8.89860394947596,1.05673213970913,6.97782628610912,8.84464307328712,11.0808275619645,1889.01650993283,1.00102651827443
406,753,2020,3,"COLEMAN NFH","Battle",9.29226514804112,1.54608216919522,6.72032217416824,9.13339186856517,12.9261528363763,1733.38739536391,0.998861746186901
407,772,2020,3,"COLEMAN NFH","Battle",8.70849839710075,1.46791076782293,6.29206612658723,8.57057868967772,12.0486887349401,2145.90542633406,0.999624752718939
408,793,2020,3,"COLEMAN NFH","Battle",8.6809144911655,1.26134289219041,6.47438706390452,8.58558918578797,11.5615016203813,2509.0086871437,0.998720968630938
409,800,2020,3,"COLEMAN NFH","Battle",8.70894810755897,0.958745550238761,6.98056857078459,8.67369873949105,10.6563382620283,2331.11628095564,0.999843355280654
410,830,2020,3,"COLEMAN NFH","Battle",8.68754186942982,1.1989635443613,6.60767550033088,8.6208999255554,11.2868433343652,1816.00902027176,0.999641767438643
411,590,2020,4,"COLEMAN NFH","Battle",8.43125567487612,1.66741837083277,5.735226389048,8.27341357324971,12.1050693528592,1792.25674687573,1.00013633506441
412,602,2020,4,"COLEMAN NFH","Battle",7.2683462538929,1.98410948239324,4.18060196943206,6.94586494949384,11.836695542812,1541.57463248306,0.998949997539966
413,622,2020,4,"COLEMAN NFH","Battle",7.431115245471,1.20461601211107,5.28517327323668,7.33869204397972,10.0373912074286,1609.52026646625,1.00023226873434
414,639,2020,4,"COLEMAN NFH","Battle",8.71389315353308,1.50042274319969,6.17499481104346,8.54782614745796,12.1255683442177,2096.14174035639,0.99913076763207
415,665,2020,4,"COLEMAN NFH","Battle",8.73724665899896,1.86487411707071,5.64717031073227,8.52951192706714,12.8224645378647,1500.19427553433,0.999931989734028
416,666,2020,4,"COLEMAN NFH","Battle",9.13055421385186,1.44107414139941,6.64534850778812,9.00204377568283,12.1923897175285,2267.83091433283,1.00035493977523
417,709,2020,4,"COLEMAN NFH","Battle",8.72902463803776,1.60041578286797,6.0021258521382,8.61544978189154,12.1740954140882,2343.05540093603,0.999079494877968
418,712,2020,4,"COLEMAN NFH","Battle",7.7314567610397,1.47172509189644,5.29256819925979,7.59279075170328,11.0357158120923,2860.97959094407,0.998331998745209
419,713,2020,4,"COLEMAN NFH","Battle",8.12387082606197,1.77790372806032,5.15134719996696,7.93276410436295,12.0470290467772,1972.37195179972,0.999352003339048
420,774,2020,4,"COLEMAN NFH","Battle",6.42283731200212,1.41991880798682,4.10264946146779,6.30123700116319,9.73080542218615,2267.97767379516,0.998369448559868
421,801,2020,4,"COLEMAN NFH","Battle",6.67281549921457,1.55168105803681,4.16381781425318,6.4941374141876,10.2865462325147,2113.43738989997,1.00052352338309
422,837,2020,4,"COLEMAN NFH","Battle",6.30779447771957,1.68219464366424,3.64986418951867,6.09949690515528,10.4054485347055,2068.38589436283,0.998244233898557
423,872,2020,4,"COLEMAN NFH","Battle",5.59073513146011,1.08074446314051,3.75911257546206,5.49783552321819,8.09133080442956,1772.08669204685,1.00086977951303
424,415,2021,3,"COLEMAN NFH","Battle",14.1240567784595,2.80254277835561,9.34928313705274,13.7964268172732,20.4192025009542,2310.55738785944,0.999865199179249
425,418,2021,3,"COLEMAN NFH","Battle",15.5983963984626,3.10178609240118,10.6034042206289,15.2617356617883,22.7216844974893,1809.13756955149,1.00086503273641
426,421,2021,3,"COLEMAN NFH","Battle",16.5314335290278,3.55604055990704,10.6613235174362,16.1368713432528,24.5328607448319,1692.32772773905,0.998281053806733
427,443,2021,3,"COLEMAN NFH","Battle",12.7688978075066,2.82153403725071,7.91692309471348,12.4692784993749,19.0919292980359,1992.79977603938,0.998662819266987
428,487,2021,3,"COLEMAN NFH","Battle",12.3572671619161,2.76675519342733,7.65859871231708,12.071487966801,18.7770998493514,2098.07492776096,1.00045052857955
429,508,2021,3,"COLEMAN NFH","Battle",12.0196352668851,1.70931018708931,8.96982600478118,11.9391231450565,15.7309416186976,1795.70888289907,0.999803574617396
430,510,2021,3,"COLEMAN NFH","Battle",12.3709661527804,1.74253939192412,9.27238132691844,12.2472463760259,16.0062662437336,2012.17436754734,1.00014073010053
431,524,2021,3,"COLEMAN NFH","Battle",13.0928458072324,2.21046312911298,9.26823382533406,12.9041434621436,17.8966918449937,2155.57712633649,1.00128959338819
432,542,2021,3,"COLEMAN NFH","Battle",13.1358983609148,1.89998471678671,9.74809406781829,13.0666752678221,17.1218818599893,1738.5768438087,1.00336015068001
433,591,2021,3,"COLEMAN NFH","Battle",8.74305612878824,2.17846063064094,5.25830481610455,8.48118245514579,13.6401767520872,1870.96680004142,0.998950431635562
434,640,2021,3,"COLEMAN NFH","Battle",8.90721343685349,2.17652301954169,5.27906297073162,8.68542056636673,13.6290959034098,1994.96415721073,0.998936927489748
435,819,2021,3,"COLEMAN NFH","Battle",8.0353359541372,2.16107133517139,4.57137198304472,7.75371817220374,12.8915688686394,1805.29103029529,0.999859251803085
436,847,2021,3,"COLEMAN NFH","Battle",7.22493643631771,1.80806576871722,4.26272106452545,7.00922020563398,11.5026733140807,1734.39928190899,0.999323672449611
437,464,2021,4,"COLEMAN NFH","Battle",10.8096106415205,1.74862014375757,7.68221875302002,10.6993794778717,14.5492961008993,1835.39356756213,0.99873357979172
438,514,2021,4,"COLEMAN NFH","Battle",9.40314691477348,2.56109482858238,5.22069706365442,9.08011336961366,15.1954158042102,1687.53291969691,0.998376945334771
439,564,2021,4,"COLEMAN NFH","Battle",9.32172001288226,1.65883317432503,6.54813514380015,9.16890568545375,13.1630108905053,2246.32455853382,0.998585589590764
440,592,2021,4,"COLEMAN NFH","Battle",9.29807093241033,1.36865800879574,6.92587843420614,9.17613457197324,12.4199071126266,1808.30217661269,0.998452613788979
441,679,2021,4,"COLEMAN NFH","Battle",9.11503866934267,1.45680007235418,6.5326603541946,8.98676347446506,12.2307429309229,1675.25711759082,0.999216814738963
442,691,2021,4,"COLEMAN NFH","Battle",9.47257934733574,1.14817029022864,7.44039168316537,9.43577039293291,11.8961873864863,1696.07444189026,0.999084672767017
443,726,2021,4,"COLEMAN NFH","Battle",9.37437585774421,1.92534238872354,6.20659897602301,9.15685848412392,13.8460740830044,2361.36193826259,1.00097723937293
444,730,2021,4,"COLEMAN NFH","Battle",9.04415952562398,1.30272798934674,6.79360299570792,8.94971176452417,11.8961628665292,2539.99558723365,0.998830296484983
445,735,2021,4,"COLEMAN NFH","Battle",8.66452327851372,1.46024321436131,6.22746026806496,8.54371289797264,11.7812633211456,3042.27231029777,0.998361490490345
446,765,2021,4,"COLEMAN NFH","Battle",7.75156043501478,1.42260387055088,5.33694455341169,7.62474859971799,10.9077113767956,2228.81121763371,0.999109289036518
447,821,2021,4,"COLEMAN NFH","Battle",8.93477894329031,0.983871891204819,7.09686600718506,8.88609111445144,10.9353894002044,2287.05132456842,0.998242209593629
448,407,2022,3,"COLEMAN NFH","Battle",13.4359200681192,3.58778466078354,7.58656587712031,13.0716083711483,21.7567415149036,2028.8209786025,1.00180143692557
449,410,2022,3,"COLEMAN NFH","Battle",13.4111826799422,3.5368567473524,7.96412108718632,12.8493979482137,21.4930055597279,1410.64654736214,0.998655311450497
450,413,2022,3,"COLEMAN NFH","Battle",12.8886873885458,3.46626546417508,7.45403228889364,12.4552368064529,21.0761520960119,1775.72379636242,1.00125977015158
451,414,2022,3,"COLEMAN NFH","Battle",12.4788383274939,3.51640534685393,7.1999898645533,12.0296760601063,20.5417711136658,1792.21652995483,0.998305391346193
452,419,2022,3,"COLEMAN NFH","Battle",12.4340207919006,3.3957027242806,7.23920772222919,12.0152178962969,19.8928796488484,1492.73363130315,1.00287031188833
453,422,2022,3,"COLEMAN NFH","Battle",12.4628010588873,3.27055881346289,7.30190341253612,12.0656144267565,19.9362794697265,1671.89030273384,1.0014091577085
454,423,2022,3,"COLEMAN NFH","Battle",11.9408069102313,3.13476124679116,7.05084732646272,11.4391425429219,19.2048683922243,1817.4331643524,1.00312933725704
455,430,2022,3,"COLEMAN NFH","Battle",12.075224774202,3.20401121570406,7.17623654982593,11.6724104857101,19.2956761388599,1428.78335834384,0.99937537813957
456,437,2022,3,"COLEMAN NFH","Battle",12.5767368375235,3.44075557028103,7.03354291628097,12.1202542227748,20.6692725029059,1329.84652391187,1.00115397150933
457,438,2022,3,"COLEMAN NFH","Battle",12.0581202397259,3.21129650086309,7.00177001246943,11.6617991743777,19.9220783963853,1757.43476930765,1.00132302986287
458,452,2022,3,"COLEMAN NFH","Battle",11.962963105737,3.12952545215739,6.93413120264401,11.6324769530252,19.5421425792864,1615.38651961213,1.00325619789356
459,466,2022,3,"COLEMAN NFH","Battle",10.1723495948289,2.69113057864166,6.0061823917322,9.7437876350775,16.3783829124032,1563.40353297025,0.998665283369846
460,484,2022,3,"COLEMAN NFH","Battle",10.8909073425343,2.89165084923807,6.47964269873079,10.5671652870358,17.4925543794121,1580.26752882295,0.998504773581069
461,485,2022,3,"COLEMAN NFH","Battle",10.5421921875954,2.83753083832756,5.93862543859791,10.219244568471,16.9273655582269,1727.54805015919,0.999078977646372
462,486,2022,3,"COLEMAN NFH","Battle",10.5342523151116,2.81291878284482,6.23180141596581,10.1574591911541,16.7913594681741,1359.81534784072,0.998613178663257
463,499,2022,3,"COLEMAN NFH","Battle",10.5581282206289,2.87406865730645,6.05841196196444,10.2154743022555,17.1157052243085,1895.80836459588,0.999903227645773
464,500,2022,3,"COLEMAN NFH","Battle",10.2406582020233,2.69875220363766,6.00588334221655,9.87354790955167,16.3803368294711,1667.21732344174,0.999881149562949
465,509,2022,3,"COLEMAN NFH","Battle",10.5013855680793,2.80590239769359,6.12584925090905,10.1351381222908,17.1771592383422,1676.99660203692,1.00148285136883
466,511,2022,3,"COLEMAN NFH","Battle",9.90736537246014,2.55592251531849,5.75405299731926,9.61686531015348,15.9242116744519,1802.78975827284,1.0009512195485
467,523,2022,3,"COLEMAN NFH","Battle",10.186041256021,2.7360440813468,5.86407976414433,9.78260116235221,16.7898599964664,1885.136324999,0.99955186357176
468,431,2022,4,"COLEMAN NFH","Battle",11.6038130084876,3.24505611824457,6.45372214284716,11.149350962963,19.6186254006118,1995.3590976923,1.00024162275622
469,441,2022,4,"COLEMAN NFH","Battle",11.6480140065622,3.1385798750546,6.67123021931013,11.309270960596,18.8240058345749,1545.01962049828,1.00037931703802
470,460,2022,4,"COLEMAN NFH","Battle",11.1493664121659,3.02823826026343,6.2510412426281,10.7703207767728,18.1861254866216,1779.34912076392,1.00018938531265
471,498,2022,4,"COLEMAN NFH","Battle",11.342080880513,3.09228802428792,6.58581565700607,10.9349406170968,18.7350015666018,2119.62254273485,0.998591299905204
472,557,2022,4,"COLEMAN NFH","Battle",9.56721176556524,2.63006079406343,5.49602641082171,9.20872091844744,15.8378664179246,1690.84290295228,1.00006451137138
473,569,2022,4,"COLEMAN NFH","Battle",9.78511774043151,2.64629213568135,5.7590302208048,9.39538911301275,16.2221658433321,2429.64305560727,0.999260327569275
474,600,2022,4,"COLEMAN NFH","Battle",8.8734823471416,2.25180993016286,5.0942434891319,8.69716192446475,13.8075023574991,2031.05665835216,0.999852285374894
475,860,2022,4,"COLEMAN NFH","Battle",7.24931912850839,2.01574610122519,4.19060688536294,7.02384847298923,11.9014071122173,1935.60535920967,0.999619375834566
476,884,2022,4,"COLEMAN NFH","Battle",6.49753769514981,1.65987123612028,3.94729351734134,6.28481791714464,10.2474002245882,1953.79987844165,0.999723945799433
477,382,2023,3,"COLEMAN NFH","Battle",8.52302597009212,2.46200103865391,4.70716394367403,8.20878243908993,14.1750297683494,1731.70685049822,0.998363731054406
478,389,2023,3,"COLEMAN NFH","Battle",12.4237740424156,2.22778563638321,8.74550645359114,12.2193456497566,17.6359784636821,1675.29498262836,0.999531604954177
479,390,2023,3,"COLEMAN NFH","Battle",13.7826846395102,2.57800895749036,9.45231077999265,13.5121331397007,19.3282078447131,1986.02820202715,0.998709471305001
480,393,2023,3,"COLEMAN NFH","Battle",9.7692044466769,1.96107882826601,6.49790304097407,9.62412437810907,14.0564784984273,2391.2734595683,0.99950413644669
481,394,2023,3,"COLEMAN NFH","Battle",11.4210820408651,2.0480685567582,7.99853443836057,11.2362218794395,15.774635127725,2044.64599513843,0.999063029452582
482,370,2023,4,"COLEMAN NFH","Battle",7.16215497390863,1.8166835587688,4.26776436899689,6.95898144378505,11.1988526033852,2083.81049373204,0.999826350534642
483,371,2023,4,"COLEMAN NFH","Battle",6.75168140701732,1.52578949227132,4.22503959743908,6.59019085690708,10.1884388041383,1674.28641423919,1.0011180471168
484,372,2023,4,"COLEMAN NFH","Battle",7.73339883896008,1.99951484900347,4.5819680381585,7.45169170273617,12.1830112039346,1864.49003787747,0.999365486187844
485,373,2023,4,"COLEMAN NFH","Battle",7.05539483881249,1.87659595815567,4.12811042807813,6.82615887922134,11.325753826723,1824.79796919743,1.00033463302261
486,374,2023,4,"COLEMAN NFH","Battle",10.1561235450942,2.68327820741526,5.92207105566898,9.840153325566,16.2990765371806,2487.53506613457,0.998710145318251
487,375,2023,4,"COLEMAN NFH","Battle",8.75220403245101,2.20402575373324,5.18167494814718,8.51662872381564,13.5243799256446,1680.9956935405,0.999277260091389
488,376,2023,4,"COLEMAN NFH","Battle",7.38685309561935,1.72129149528373,4.60437566732662,7.18662466312652,11.3314739069941,1669.41140752239,0.999107754850531
489,377,2023,4,"COLEMAN NFH","Battle",7.93451289592421,2.00109531486283,4.60304700251983,7.7107642902144,12.5749603904843,1796.02294513822,1.00201699099459
490,378,2023,4,"COLEMAN NFH","Battle",7.5203611131988,2.07516356664573,4.34948050871907,7.20555398278637,12.3860123714455,1878.33252276852,0.999598524872482
491,379,2023,4,"COLEMAN NFH","Battle",9.75863953075541,2.45322812877619,5.91828615390973,9.49430115276653,15.0848870196345,1755.70477647881,0.998494707259032
492,380,2023,4,"COLEMAN NFH","Battle",9.40808767675143,2.48001342158698,5.61769763800784,9.11761551121623,14.7562533946743,2720.20699986354,0.998733813673183
493,381,2023,4,"COLEMAN NFH","Battle",9.24323914668585,2.39236109852942,5.43744510729453,8.95683920551296,14.6703800935688,2272.78217039695,0.998794083212079
494,383,2023,4,"COLEMAN NFH","Battle",10.9892846463582,2.89080206162319,6.31525612220305,10.6714486176612,17.3826654600527,2235.37594719089,1.00007634244956
495,384,2023,4,"COLEMAN NFH","Battle",10.1696840647137,2.70640619096932,5.863697981374,9.84576689059147,16.2962952475312,1443.43506156915,0.999570430211188
496,385,2023,4,"COLEMAN NFH","Battle",9.12770247647893,2.40855906698852,5.33186778719337,8.8213256204188,14.8507710113043,1633.62690331382,0.999612000789419
497,386,2023,4,"COLEMAN NFH","Battle",10.5578041781529,2.80288360299576,5.96220277807908,10.224408949645,17.0063882821871,1448.66504946627,0.999379969147556
498,387,2023,4,"COLEMAN NFH","Battle",10.236189238069,2.854141203928,5.92104383353697,9.92991360929443,16.8576402119764,1517.47828481409,1.00178800412808
499,388,2023,4,"COLEMAN NFH","Battle",11.1938364381187,2.9658973518937,6.60549386040531,10.7544862655546,17.924493773821,2175.42937971817,0.998596597422756
500,391,2023,4,"COLEMAN NFH","Battle",11.9511615876608,2.60025497857093,7.75568295971554,11.650573649984,17.7084196353731,2067.78867254999,0.999693229003924
501,392,2023,5,"COLEMAN NFH","Battle",8.85399188291309,2.33363056155915,5.25120294726285,8.56407661752288,14.1247673838036,1665.96442828411,0.998901041969372
502,395,2023,5,"COLEMAN NFH","Battle",10.0877269376016,2.6327094641115,5.96867030042435,9.82564801120519,16.1427185824943,1376.75121521243,0.999757229301708
503,516,2024,3,"COLEMAN NFH","Battle",8.3843439703586,0.884062358606371,6.80906935640365,8.36845265981998,10.2801331409434,1811.58590647158,0.998609317763942
504,522,2024,3,"COLEMAN NFH","Battle",8.88158659361263,0.841775457321328,7.36879183457808,8.851223246144,10.5751134011239,1739.5215089334,1.00077496474977
505,551,2024,3,"COLEMAN NFH","Battle",13.503304441085,1.77396546997807,10.3492983495257,13.3830540644986,17.3322423509534,2076.08784119996,0.999888319548137
506,579,2024,3,"COLEMAN NFH","Battle",9.96243780294034,1.04700430979423,7.98372015009821,9.89380474211351,12.1216908312542,2445.61362880922,1.00094116401781
507,595,2024,3,"COLEMAN NFH","Battle",11.5146624502585,1.26297963790214,9.25026275162642,11.4292603944583,14.1548229748809,1990.74829248409,0.99981277842174
508,614,2024,3,"COLEMAN NFH","Battle",5.18623453250506,0.589148062537497,4.09892856283419,5.16163852005382,6.45858883347858,1984.23762595121,1.00069587205724
509,657,2024,3,"COLEMAN NFH","Battle",9.44281511432234,1.26215045681798,7.18097105891621,9.3457815044224,12.2898478912159,1898.29189570465,0.999793393129374
510,698,2024,3,"COLEMAN NFH","Battle",7.98726223830081,0.946946317168515,6.24870720707298,7.95937957078082,10.0023463928712,1518.04662131887,0.999735140852331
511,699,2024,3,"COLEMAN NFH","Battle",7.71736010306218,0.781572743889103,6.32773485613808,7.66816894308492,9.26530019539831,2112.2848197363,1.00012508709846
512,719,2024,3,"COLEMAN NFH","Battle",8.0692070146919,0.903496823422928,6.43642327120007,8.04245666903891,9.92303489511741,3139.61664575026,0.998493963337547
513,736,2024,3,"COLEMAN NFH","Battle",8.65617066323532,1.15360828804961,6.61929160494695,8.53962463884715,11.1218051102418,1948.86914589607,0.999739807441038
514,763,2024,3,"COLEMAN NFH","Battle",8.28814647031297,0.678682839702446,7.05115235781508,8.27211205001728,9.63739743690855,2649.1110436974,0.999232735848473
515,503,2024,4,"COLEMAN NFH","Battle",7.68960234985177,1.05885106363615,5.74141329328928,7.63843174657495,9.93182590755415,1535.00135209737,1.00117526655311
516,629,2024,4,"COLEMAN NFH","Battle",7.58892588745715,1.07004026194155,5.75541501890207,7.50821395336663,9.85056378640145,2104.60356632646,1.0023198424369
517,676,2024,4,"COLEMAN NFH","Battle",6.64061258976062,0.966711053124772,4.93150313264023,6.58668788582391,8.69890529098683,1939.30615151445,0.999051222114254
518,767,2024,4,"COLEMAN NFH","Battle",6.23995912748798,0.768150061616381,4.90315550675196,6.18509419097971,7.92263776628975,2665.71907919546,0.998782381267927
519,807,2024,4,"COLEMAN NFH","Battle",9.61518993921148,1.30991436649762,7.35496315954839,9.51398997415858,12.4299601641253,2919.37107162503,0.999060646464118
520,861,2024,4,"COLEMAN NFH","Battle",7.66121830804995,1.28619158465904,5.50086846945658,7.52965799215227,10.5148906610913,2188.84281217002,1.00036822257571
521,881,2024,4,"COLEMAN NFH","Battle",5.26607216052526,0.709660423992418,4.04393075816011,5.1960721358919,6.82021477032764,2040.90668302765,0.999847922398232
